clase,olor,color_sombrero,forma_sombrero,superficie_sombrero,color_laminas,tamano_laminas,forma_tallo,color_tallo,tipo_anillo,numero_anillos,color_espora,poblacion,habitat,moretones,color_velo,textura,diametro_sombrero_cm,altura_tallo_cm
venenoso,picante,canela,hundido,fibrosa,morado,angosta,agrandada,rosa,grande,ninguno,morado,dispersa,desechos,no,naranja,húmeda,6.2,6.6
venenoso,fétido,gris,campana,estriada,marrón,angosta,agrandada,gris,ninguno,ninguno,café,numerosa,pastizal,sí,naranja,húmeda,5.5,6.6
venenoso,fétido,canela,campana,escamosa,gris,ancha,agrandada,canela,ninguno,dos,negro,agrupada,urbano,no,blanco,húmeda,4.8,9.4
venenoso,pescado,amarillo,plano,fibrosa,rojo,ancha,agrandada,blanco,colgante,uno,marrón,dispersa,urbano,no,marrón,húmeda,6.6,3.5
venenoso,pescado,marrón,nudoso,estriada,verde,ancha,ahusada,gris,ninguno,uno,marrón,varias,pastizal,no,blanco,húmeda,10.7,9.7
comestible,almendra,blanco,hundido,escamosa,gris,ancha,agrandada,blanco,colgante,ninguno,morado,dispersa,urbano,no,naranja,viscosa,7.3,4.7
comestible,ninguno,rosa,cónico,fibrosa,rosa,ancha,agrandada,gris,evanescente,ninguno,blanco,solitaria,senderos,no,blanco,viscosa,2.9,8.6
comestible,ninguno,verde,convexo,fibrosa,gris,angosta,agrandada,rosa,ninguno,dos,blanco,agrupada,senderos,no,blanco,viscosa,6.2,6.3
venenoso,creosota,rosa,hundido,escamosa,blanco,ancha,ahusada,canela,colgante,dos,verde,numerosa,urbano,sí,marrón,húmeda,3.1,9.2
comestible,pescado,amarillo,plano,lisa,verde,ancha,ahusada,marrón,grande,ninguno,café,solitaria,urbano,sí,blanco,seca,3.3,4.5
venenoso,fétido,blanco,convexo,lisa,rosa,angosta,agrandada,rosa,evanescente,ninguno,negro,dispersa,bosque,sí,marrón,seca,4.3,4.9
venenoso,picante,blanco,campana,escamosa,negro,angosta,ahusada,gris,evanescente,dos,marrón,varias,senderos,no,blanco,seca,4.9,5.9
venenoso,creosota,amarillo,convexo,estriada,blanco,ancha,agrandada,canela,colgante,uno,marrón,solitaria,hojas,no,naranja,viscosa,4.0,5.6
venenoso,pescado,amarillo,convexo,lisa,blanco,ancha,agrandada,gris,colgante,dos,negro,dispersa,urbano,sí,blanco,viscosa,4.4,6.2
venenoso,picante,amarillo,cónico,estriada,negro,angosta,ahusada,blanco,evanescente,ninguno,café,solitaria,pastizal,no,blanco,seca,5.7,7.5
comestible,almendra,rojo,plano,estriada,verde,angosta,agrandada,gris,grande,ninguno,negro,dispersa,senderos,no,marrón,viscosa,7.1,6.6
venenoso,almendra,marrón,cónico,lisa,blanco,angosta,agrandada,blanco,colgante,ninguno,verde,dispersa,pastizal,sí,marrón,seca,5.1,4.2
venenoso,mohoso,canela,plano,escamosa,blanco,angosta,agrandada,canela,grande,uno,negro,numerosa,bosque,sí,marrón,seca,11.5,7.2
venenoso,mohoso,canela,convexo,estriada,blanco,angosta,agrandada,blanco,colgante,uno,blanco,varias,desechos,no,blanco,húmeda,5.8,8.9
comestible,pescado,rosa,hundido,fibrosa,rojo,ancha,agrandada,rosa,colgante,uno,negro,abundante,urbano,no,naranja,húmeda,7.3,11.4
venenoso,mohoso,rosa,convexo,lisa,marrón,angosta,agrandada,blanco,ninguno,dos,marrón,solitaria,hojas,no,naranja,seca,4.7,2.8
comestible,anís,rosa,campana,estriada,gris,angosta,agrandada,gris,grande,dos,blanco,dispersa,desechos,no,marrón,viscosa,3.6,10.0
comestible,anís,marrón,nudoso,fibrosa,rosa,angosta,ahusada,rosa,colgante,ninguno,café,abundante,desechos,no,blanco,seca,8.4,6.6
venenoso,mohoso,rosa,plano,estriada,gris,angosta,ahusada,marrón,evanescente,dos,morado,abundante,hojas,no,naranja,viscosa,4.4,6.7
venenoso,pescado,rosa,campana,estriada,gris,ancha,ahusada,marrón,ninguno,dos,marrón,agrupada,desechos,no,marrón,húmeda,7.9,10.2
comestible,pescado,rosa,hundido,lisa,gris,ancha,agrandada,gris,evanescente,dos,blanco,varias,desechos,no,blanco,seca,5.5,11.7
comestible,anís,blanco,nudoso,lisa,gris,ancha,ahusada,marrón,evanescente,ninguno,marrón,dispersa,desechos,no,naranja,húmeda,6.1,12.9
venenoso,almendra,canela,cónico,fibrosa,rosa,angosta,ahusada,rosa,colgante,uno,verde,numerosa,desechos,no,blanco,seca,7.0,8.2
comestible,creosota,marrón,convexo,estriada,gris,ancha,ahusada,marrón,ninguno,dos,negro,agrupada,bosque,sí,naranja,seca,3.7,10.9
comestible,anís,blanco,plano,lisa,gris,angosta,agrandada,rosa,ninguno,ninguno,marrón,varias,hojas,sí,blanco,húmeda,9.4,2.3
comestible,ninguno,marrón,campana,escamosa,rojo,angosta,agrandada,canela,colgante,ninguno,blanco,varias,senderos,sí,blanco,viscosa,8.6,7.1
venenoso,fétido,amarillo,plano,fibrosa,negro,ancha,ahusada,blanco,grande,uno,verde,dispersa,senderos,sí,marrón,viscosa,8.2,12.4
venenoso,pescado,blanco,hundido,fibrosa,marrón,angosta,agrandada,marrón,ninguno,dos,morado,varias,desechos,sí,naranja,húmeda,6.2,7.2
venenoso,fétido,blanco,cónico,escamosa,marrón,angosta,agrandada,canela,ninguno,uno,café,numerosa,desechos,no,blanco,seca,5.4,8.1
comestible,picante,verde,plano,escamosa,blanco,ancha,ahusada,rosa,evanescente,uno,blanco,numerosa,desechos,sí,marrón,viscosa,4.9,3.3
venenoso,fétido,gris,campana,escamosa,negro,ancha,agrandada,gris,evanescente,ninguno,marrón,dispersa,urbano,sí,blanco,seca,6.4,7.0
venenoso,pescado,blanco,cónico,escamosa,negro,ancha,ahusada,blanco,ninguno,uno,morado,solitaria,senderos,sí,naranja,seca,5.7,5.5
venenoso,mohoso,amarillo,plano,lisa,rojo,angosta,ahusada,marrón,colgante,ninguno,morado,abundante,desechos,no,naranja,húmeda,9.5,3.3
venenoso,mohoso,gris,nudoso,lisa,blanco,angosta,agrandada,blanco,evanescente,uno,verde,solitaria,desechos,no,naranja,seca,5.4,4.1
comestible,fétido,blanco,convexo,fibrosa,marrón,ancha,agrandada,rosa,grande,ninguno,blanco,varias,pastizal,sí,marrón,seca,2.8,5.5
comestible,mohoso,rosa,hundido,lisa,blanco,ancha,agrandada,canela,ninguno,ninguno,café,agrupada,urbano,no,naranja,seca,4.5,5.4
comestible,almendra,verde,campana,fibrosa,rojo,angosta,ahusada,gris,grande,dos,negro,agrupada,desechos,no,marrón,húmeda,6.2,10.9
comestible,creosota,verde,nudoso,escamosa,negro,ancha,ahusada,canela,ninguno,uno,blanco,agrupada,hojas,sí,naranja,viscosa,8.1,2.6
comestible,fétido,amarillo,campana,lisa,negro,angosta,agrandada,gris,evanescente,dos,negro,agrupada,senderos,sí,blanco,seca,5.6,10.5
comestible,almendra,canela,hundido,lisa,verde,ancha,ahusada,canela,evanescente,dos,marrón,numerosa,bosque,no,naranja,viscosa,1.7,12.1
venenoso,mohoso,amarillo,plano,estriada,negro,ancha,ahusada,rosa,grande,ninguno,negro,agrupada,hojas,sí,marrón,viscosa,4.4,5.6
venenoso,pescado,amarillo,cónico,lisa,marrón,ancha,ahusada,marrón,ninguno,dos,café,abundante,bosque,no,blanco,viscosa,4.6,7.5
venenoso,fétido,amarillo,campana,estriada,negro,ancha,agrandada,gris,grande,dos,negro,solitaria,desechos,no,marrón,viscosa,9.6,7.6
comestible,anís,rosa,convexo,escamosa,morado,angosta,agrandada,gris,ninguno,uno,café,agrupada,senderos,no,naranja,viscosa,4.4,4.7
venenoso,pescado,blanco,nudoso,lisa,verde,angosta,agrandada,blanco,ninguno,ninguno,morado,dispersa,pastizal,no,naranja,seca,4.3,7.0
venenoso,picante,canela,campana,estriada,blanco,angosta,agrandada,canela,evanescente,uno,café,agrupada,pastizal,sí,naranja,seca,7.0,6.5
venenoso,pescado,rosa,plano,lisa,blanco,angosta,ahusada,blanco,grande,dos,café,numerosa,desechos,sí,blanco,viscosa,6.3,9.3
comestible,ninguno,verde,nudoso,escamosa,verde,ancha,ahusada,rosa,colgante,uno,morado,numerosa,hojas,sí,blanco,húmeda,7.3,5.0
comestible,creosota,verde,hundido,lisa,blanco,ancha,ahusada,canela,grande,dos,blanco,abundante,pastizal,no,marrón,húmeda,10.0,12.0
venenoso,anís,rosa,hundido,fibrosa,negro,ancha,agrandada,rosa,evanescente,dos,verde,abundante,pastizal,sí,marrón,húmeda,6.7,5.5
comestible,almendra,blanco,nudoso,estriada,rojo,ancha,ahusada,rosa,ninguno,ninguno,marrón,solitaria,urbano,no,marrón,viscosa,6.8,5.9
comestible,ninguno,blanco,hundido,lisa,negro,angosta,ahusada,rosa,ninguno,uno,café,abundante,pastizal,sí,naranja,viscosa,2.3,9.5
venenoso,picante,canela,convexo,escamosa,blanco,angosta,ahusada,rosa,grande,dos,marrón,agrupada,hojas,no,naranja,viscosa,7.3,12.7
comestible,picante,blanco,campana,fibrosa,gris,ancha,agrandada,blanco,evanescente,uno,negro,agrupada,urbano,no,blanco,viscosa,5.2,7.7
venenoso,pescado,canela,hundido,estriada,gris,ancha,agrandada,gris,colgante,ninguno,morado,agrupada,desechos,sí,naranja,viscosa,6.8,11.7
comestible,ninguno,verde,cónico,estriada,verde,angosta,ahusada,marrón,evanescente,dos,negro,dispersa,desechos,no,blanco,húmeda,5.5,5.9
venenoso,mohoso,amarillo,plano,fibrosa,rojo,ancha,ahusada,marrón,ninguno,dos,morado,agrupada,senderos,sí,marrón,viscosa,6.4,7.3
venenoso,fétido,gris,cónico,lisa,rosa,angosta,agrandada,blanco,ninguno,dos,negro,solitaria,bosque,sí,naranja,viscosa,4.8,6.7
comestible,almendra,marrón,campana,escamosa,morado,angosta,agrandada,marrón,grande,uno,marrón,agrupada,urbano,sí,marrón,viscosa,5.3,11.2
comestible,ninguno,verde,campana,escamosa,rosa,angosta,agrandada,blanco,ninguno,ninguno,negro,numerosa,urbano,no,marrón,húmeda,4.0,8.3
venenoso,creosota,verde,plano,escamosa,gris,angosta,agrandada,blanco,colgante,ninguno,blanco,solitaria,bosque,sí,naranja,viscosa,4.9,9.8
venenoso,fétido,verde,convexo,lisa,negro,angosta,agrandada,marrón,evanescente,uno,verde,dispersa,bosque,sí,marrón,húmeda,3.6,7.5
venenoso,almendra,marrón,convexo,lisa,marrón,angosta,agrandada,gris,colgante,uno,verde,varias,senderos,no,blanco,seca,4.6,5.2
venenoso,ninguno,gris,convexo,escamosa,negro,angosta,agrandada,marrón,grande,uno,verde,solitaria,hojas,sí,blanco,húmeda,4.7,4.7
venenoso,mohoso,rosa,hundido,escamosa,rojo,ancha,agrandada,gris,ninguno,uno,marrón,agrupada,pastizal,sí,naranja,seca,3.5,5.0
comestible,anís,gris,nudoso,estriada,verde,ancha,ahusada,canela,colgante,dos,negro,dispersa,urbano,no,marrón,seca,5.9,9.8
venenoso,fétido,verde,campana,estriada,marrón,ancha,agrandada,blanco,evanescente,uno,blanco,numerosa,pastizal,no,marrón,húmeda,6.6,8.6
comestible,pescado,gris,cónico,estriada,negro,angosta,ahusada,blanco,ninguno,ninguno,negro,solitaria,hojas,no,naranja,seca,9.2,10.9
comestible,almendra,marrón,hundido,estriada,verde,angosta,ahusada,marrón,colgante,uno,verde,numerosa,pastizal,sí,naranja,seca,3.1,8.5
venenoso,pescado,blanco,convexo,escamosa,rojo,ancha,ahusada,marrón,grande,dos,negro,solitaria,senderos,no,blanco,seca,6.6,2.7
comestible,ninguno,verde,convexo,fibrosa,blanco,angosta,agrandada,marrón,evanescente,ninguno,negro,abundante,urbano,sí,blanco,seca,10.0,6.9
comestible,anís,gris,plano,estriada,blanco,angosta,ahusada,marrón,colgante,dos,blanco,varias,senderos,no,naranja,viscosa,6.4,11.9
comestible,creosota,gris,campana,escamosa,gris,angosta,ahusada,blanco,evanescente,ninguno,café,dispersa,senderos,sí,naranja,húmeda,6.3,6.0
venenoso,mohoso,gris,nudoso,lisa,morado,angosta,agrandada,canela,grande,ninguno,marrón,numerosa,bosque,no,marrón,viscosa,5.9,8.7
venenoso,fétido,marrón,campana,lisa,morado,angosta,agrandada,gris,colgante,ninguno,morado,agrupada,senderos,sí,blanco,viscosa,8.5,4.8
comestible,creosota,blanco,hundido,lisa,negro,angosta,agrandada,marrón,colgante,uno,blanco,agrupada,urbano,sí,naranja,húmeda,5.1,4.0
comestible,mohoso,amarillo,hundido,lisa,negro,ancha,ahusada,canela,colgante,ninguno,negro,dispersa,senderos,sí,blanco,húmeda,5.5,5.3
venenoso,creosota,rojo,hundido,lisa,rojo,angosta,ahusada,gris,evanescente,uno,verde,varias,bosque,sí,blanco,seca,5.9,7.6
comestible,almendra,marrón,hundido,fibrosa,gris,ancha,ahusada,rosa,evanescente,ninguno,blanco,agrupada,urbano,sí,naranja,viscosa,8.3,6.2
venenoso,fétido,marrón,convexo,lisa,negro,angosta,agrandada,blanco,evanescente,dos,verde,solitaria,senderos,sí,blanco,húmeda,5.3,4.1
comestible,anís,rojo,convexo,lisa,gris,angosta,agrandada,blanco,ninguno,uno,marrón,varias,hojas,no,naranja,seca,3.0,5.2
comestible,pescado,amarillo,cónico,fibrosa,morado,angosta,agrandada,canela,grande,dos,blanco,agrupada,senderos,no,naranja,húmeda,7.8,4.6
comestible,anís,canela,hundido,estriada,gris,ancha,agrandada,marrón,colgante,ninguno,marrón,solitaria,hojas,sí,naranja,húmeda,9.7,9.1
venenoso,mohoso,verde,convexo,estriada,rojo,angosta,agrandada,rosa,grande,ninguno,negro,varias,desechos,sí,blanco,seca,4.1,8.5
comestible,pescado,rojo,cónico,lisa,rojo,ancha,agrandada,marrón,colgante,uno,negro,solitaria,desechos,sí,blanco,viscosa,7.3,2.3
venenoso,mohoso,gris,convexo,estriada,verde,ancha,ahusada,marrón,ninguno,uno,marrón,dispersa,urbano,no,naranja,húmeda,7.5,8.7
venenoso,creosota,canela,campana,estriada,verde,ancha,ahusada,blanco,evanescente,uno,morado,numerosa,pastizal,no,marrón,húmeda,4.9,7.9
venenoso,pescado,verde,convexo,escamosa,marrón,ancha,ahusada,marrón,evanescente,uno,morado,varias,desechos,no,blanco,viscosa,3.5,6.6
venenoso,picante,canela,cónico,escamosa,verde,angosta,ahusada,rosa,grande,dos,verde,abundante,desechos,no,blanco,seca,2.3,5.6
venenoso,anís,gris,convexo,estriada,negro,ancha,ahusada,gris,evanescente,dos,morado,dispersa,hojas,no,naranja,húmeda,5.7,4.0
comestible,anís,amarillo,hundido,estriada,rosa,angosta,agrandada,gris,evanescente,dos,morado,abundante,senderos,no,marrón,viscosa,6.7,5.1
venenoso,creosota,amarillo,nudoso,lisa,gris,ancha,ahusada,rosa,colgante,ninguno,blanco,abundante,hojas,no,blanco,húmeda,4.1,11.0
comestible,picante,blanco,plano,lisa,negro,angosta,agrandada,rosa,colgante,ninguno,café,abundante,senderos,no,blanco,húmeda,6.0,4.1
venenoso,fétido,canela,cónico,estriada,negro,angosta,agrandada,blanco,ninguno,ninguno,morado,solitaria,urbano,sí,blanco,húmeda,4.0,6.3
venenoso,picante,rosa,cónico,lisa,morado,angosta,agrandada,rosa,ninguno,dos,marrón,numerosa,hojas,no,blanco,húmeda,9.0,10.8
comestible,almendra,marrón,plano,lisa,rosa,angosta,agrandada,rosa,grande,dos,marrón,numerosa,urbano,no,marrón,húmeda,5.8,10.7
comestible,picante,rojo,cónico,lisa,rosa,ancha,ahusada,canela,ninguno,ninguno,blanco,numerosa,urbano,no,naranja,viscosa,9.3,6.5
venenoso,pescado,verde,cónico,escamosa,verde,ancha,ahusada,blanco,grande,dos,verde,dispersa,senderos,no,naranja,viscosa,5.2,3.5
venenoso,picante,gris,cónico,fibrosa,rojo,angosta,agrandada,gris,colgante,uno,blanco,dispersa,urbano,no,marrón,seca,11.2,8.0
comestible,anís,marrón,cónico,estriada,verde,ancha,ahusada,rosa,grande,uno,verde,solitaria,pastizal,sí,naranja,seca,8.5,6.7
comestible,almendra,canela,nudoso,escamosa,marrón,angosta,ahusada,marrón,grande,ninguno,negro,varias,pastizal,no,blanco,seca,7.1,6.1
venenoso,picante,rosa,nudoso,fibrosa,blanco,ancha,agrandada,gris,evanescente,dos,café,varias,bosque,sí,naranja,seca,5.1,7.9
venenoso,pescado,verde,cónico,fibrosa,marrón,angosta,ahusada,blanco,ninguno,ninguno,negro,dispersa,pastizal,no,naranja,seca,4.5,3.7
comestible,creosota,gris,plano,fibrosa,negro,ancha,ahusada,gris,colgante,dos,blanco,solitaria,senderos,no,naranja,seca,5.4,5.9
venenoso,anís,verde,hundido,fibrosa,blanco,ancha,agrandada,blanco,grande,uno,verde,dispersa,bosque,no,blanco,húmeda,6.3,8.1
comestible,almendra,verde,plano,escamosa,rojo,angosta,agrandada,gris,colgante,uno,negro,agrupada,pastizal,no,naranja,húmeda,7.2,5.0
comestible,pescado,rosa,cónico,fibrosa,morado,ancha,ahusada,rosa,evanescente,uno,café,agrupada,desechos,no,blanco,húmeda,6.4,9.6
venenoso,creosota,blanco,campana,escamosa,morado,angosta,ahusada,canela,colgante,ninguno,negro,abundante,bosque,no,marrón,húmeda,5.9,7.8
venenoso,mohoso,rosa,campana,escamosa,rosa,angosta,agrandada,gris,evanescente,dos,verde,solitaria,bosque,no,marrón,seca,5.4,10.4
comestible,ninguno,blanco,hundido,escamosa,negro,angosta,ahusada,canela,grande,ninguno,blanco,abundante,hojas,sí,blanco,seca,5.4,6.9
comestible,ninguno,marrón,nudoso,fibrosa,blanco,ancha,ahusada,marrón,evanescente,ninguno,negro,varias,hojas,no,blanco,seca,8.9,2.4
venenoso,creosota,verde,nudoso,lisa,rosa,ancha,agrandada,canela,ninguno,dos,morado,numerosa,senderos,sí,naranja,seca,5.5,8.0
comestible,ninguno,verde,convexo,lisa,verde,ancha,ahusada,canela,colgante,uno,negro,numerosa,urbano,sí,naranja,viscosa,4.3,7.4
venenoso,fétido,amarillo,cónico,fibrosa,verde,ancha,agrandada,gris,evanescente,dos,marrón,varias,pastizal,sí,naranja,viscosa,6.3,4.7
comestible,anís,rosa,nudoso,fibrosa,rosa,angosta,agrandada,marrón,grande,dos,morado,varias,urbano,sí,marrón,húmeda,11.1,8.0
comestible,anís,blanco,hundido,lisa,rojo,angosta,ahusada,blanco,evanescente,dos,blanco,varias,pastizal,no,marrón,viscosa,6.9,9.2
comestible,almendra,blanco,cónico,fibrosa,morado,ancha,agrandada,gris,evanescente,ninguno,marrón,varias,senderos,sí,marrón,seca,8.4,11.1
venenoso,mohoso,gris,hundido,fibrosa,verde,ancha,ahusada,rosa,grande,ninguno,negro,agrupada,pastizal,sí,marrón,húmeda,9.4,6.0
venenoso,ninguno,marrón,nudoso,lisa,rojo,ancha,agrandada,gris,colgante,ninguno,morado,abundante,hojas,no,naranja,seca,3.8,5.2
comestible,almendra,marrón,plano,fibrosa,rosa,ancha,ahusada,canela,colgante,uno,morado,agrupada,desechos,sí,marrón,seca,3.3,6.5
venenoso,anís,rojo,cónico,escamosa,verde,angosta,ahusada,gris,evanescente,ninguno,morado,varias,pastizal,sí,naranja,viscosa,6.3,3.5
comestible,fétido,amarillo,campana,estriada,rosa,angosta,ahusada,rosa,colgante,uno,café,varias,bosque,sí,naranja,húmeda,8.4,7.4
venenoso,pescado,canela,campana,fibrosa,rojo,angosta,ahusada,gris,evanescente,ninguno,morado,solitaria,hojas,no,blanco,viscosa,4.4,3.7
venenoso,pescado,blanco,convexo,escamosa,rosa,angosta,agrandada,marrón,colgante,uno,marrón,solitaria,senderos,sí,marrón,viscosa,9.4,11.7
comestible,creosota,marrón,nudoso,lisa,gris,ancha,ahusada,marrón,evanescente,uno,marrón,solitaria,urbano,sí,naranja,húmeda,5.7,5.1
comestible,anís,verde,plano,lisa,rojo,angosta,agrandada,marrón,ninguno,ninguno,negro,solitaria,pastizal,sí,naranja,húmeda,5.0,9.3
venenoso,ninguno,gris,cónico,estriada,gris,angosta,ahusada,blanco,grande,ninguno,blanco,dispersa,hojas,no,blanco,viscosa,1.0,7.7
venenoso,creosota,marrón,plano,escamosa,blanco,ancha,agrandada,canela,grande,uno,café,agrupada,desechos,sí,marrón,húmeda,4.9,6.0
venenoso,almendra,rosa,plano,fibrosa,rosa,angosta,agrandada,blanco,ninguno,dos,morado,dispersa,hojas,no,blanco,húmeda,3.9,6.5
venenoso,creosota,rojo,plano,lisa,verde,ancha,agrandada,canela,evanescente,ninguno,café,solitaria,desechos,sí,marrón,húmeda,5.2,7.0
venenoso,picante,canela,hundido,fibrosa,gris,ancha,ahusada,marrón,ninguno,ninguno,verde,varias,pastizal,no,blanco,seca,5.8,5.9
comestible,almendra,amarillo,hundido,lisa,verde,angosta,ahusada,gris,colgante,uno,morado,numerosa,senderos,sí,blanco,seca,8.9,6.5
venenoso,pescado,canela,campana,fibrosa,negro,angosta,ahusada,canela,ninguno,uno,blanco,agrupada,bosque,no,blanco,viscosa,1.1,6.8
venenoso,fétido,canela,hundido,escamosa,gris,angosta,ahusada,blanco,grande,ninguno,blanco,varias,bosque,no,blanco,viscosa,5.3,7.5
comestible,mohoso,gris,cónico,escamosa,verde,angosta,agrandada,gris,grande,dos,negro,numerosa,bosque,no,naranja,viscosa,8.5,1.5
venenoso,fétido,canela,plano,fibrosa,morado,angosta,ahusada,blanco,ninguno,uno,marrón,agrupada,hojas,sí,blanco,húmeda,5.6,6.7
comestible,almendra,marrón,hundido,estriada,rosa,ancha,ahusada,marrón,evanescente,ninguno,marrón,varias,hojas,no,naranja,húmeda,5.3,4.9
venenoso,mohoso,rojo,nudoso,estriada,marrón,ancha,ahusada,gris,evanescente,ninguno,marrón,dispersa,bosque,no,naranja,húmeda,3.6,9.8
comestible,picante,marrón,hundido,fibrosa,verde,ancha,ahusada,gris,colgante,dos,blanco,solitaria,urbano,no,naranja,seca,5.8,6.8
comestible,picante,rosa,convexo,escamosa,rojo,angosta,agrandada,rosa,ninguno,ninguno,morado,abundante,senderos,no,naranja,viscosa,6.3,4.9
comestible,almendra,canela,campana,estriada,gris,ancha,agrandada,gris,colgante,dos,verde,agrupada,pastizal,no,naranja,seca,9.3,8.0
comestible,picante,canela,hundido,fibrosa,rosa,angosta,ahusada,marrón,evanescente,uno,negro,solitaria,senderos,no,blanco,húmeda,3.1,4.2
comestible,ninguno,amarillo,hundido,estriada,rosa,angosta,ahusada,rosa,evanescente,ninguno,café,solitaria,senderos,sí,marrón,viscosa,8.3,5.6
venenoso,creosota,rojo,hundido,estriada,marrón,ancha,ahusada,gris,colgante,uno,blanco,agrupada,urbano,no,marrón,viscosa,7.6,5.6
comestible,almendra,gris,plano,lisa,marrón,angosta,agrandada,gris,colgante,dos,café,varias,senderos,no,marrón,viscosa,4.2,9.0
venenoso,picante,rojo,convexo,fibrosa,rosa,angosta,agrandada,blanco,ninguno,uno,morado,dispersa,bosque,no,naranja,viscosa,7.7,9.2
venenoso,anís,marrón,cónico,escamosa,gris,ancha,agrandada,canela,evanescente,ninguno,verde,numerosa,bosque,sí,naranja,seca,4.8,3.7
venenoso,mohoso,marrón,hundido,estriada,verde,angosta,ahusada,marrón,grande,ninguno,verde,abundante,urbano,no,marrón,seca,6.7,4.3
comestible,creosota,amarillo,hundido,lisa,rojo,angosta,ahusada,gris,grande,dos,blanco,dispersa,urbano,no,marrón,húmeda,8.3,6.4
venenoso,fétido,canela,convexo,estriada,marrón,angosta,agrandada,blanco,ninguno,uno,morado,abundante,bosque,sí,naranja,húmeda,6.5,7.2
venenoso,picante,canela,nudoso,fibrosa,gris,angosta,agrandada,marrón,ninguno,dos,verde,agrupada,pastizal,sí,blanco,viscosa,6.6,6.7
venenoso,creosota,marrón,hundido,estriada,morado,angosta,agrandada,blanco,ninguno,ninguno,blanco,varias,desechos,no,marrón,viscosa,6.4,6.1
venenoso,almendra,marrón,campana,lisa,gris,ancha,ahusada,blanco,evanescente,uno,marrón,agrupada,hojas,no,naranja,seca,4.3,9.5
venenoso,picante,rojo,convexo,escamosa,negro,angosta,ahusada,canela,colgante,uno,café,dispersa,urbano,no,marrón,viscosa,6.6,6.4
venenoso,fétido,gris,campana,estriada,marrón,angosta,ahusada,blanco,grande,uno,morado,abundante,urbano,no,marrón,viscosa,6.2,9.2
venenoso,creosota,rosa,campana,escamosa,marrón,ancha,agrandada,canela,grande,dos,negro,dispersa,hojas,no,blanco,seca,8.4,8.3
venenoso,picante,amarillo,nudoso,estriada,marrón,ancha,ahusada,rosa,ninguno,dos,café,numerosa,pastizal,no,naranja,húmeda,5.3,6.0
venenoso,mohoso,gris,plano,lisa,verde,angosta,ahusada,rosa,colgante,ninguno,verde,dispersa,urbano,sí,marrón,viscosa,5.8,8.1
venenoso,picante,marrón,plano,estriada,verde,angosta,agrandada,rosa,grande,dos,verde,varias,desechos,sí,naranja,seca,5.0,3.9
comestible,ninguno,amarillo,nudoso,lisa,verde,ancha,ahusada,gris,ninguno,dos,verde,agrupada,urbano,sí,blanco,seca,7.5,5.6
venenoso,creosota,gris,plano,estriada,marrón,angosta,agrandada,canela,grande,uno,morado,abundante,hojas,sí,naranja,húmeda,7.5,10.1
comestible,mohoso,rojo,nudoso,escamosa,blanco,ancha,agrandada,gris,ninguno,uno,café,agrupada,bosque,sí,naranja,viscosa,6.9,4.5
comestible,almendra,rosa,nudoso,escamosa,morado,ancha,agrandada,blanco,ninguno,ninguno,negro,solitaria,urbano,no,marrón,seca,7.4,8.7
comestible,pescado,rojo,convexo,escamosa,blanco,ancha,ahusada,gris,ninguno,uno,marrón,numerosa,senderos,sí,marrón,viscosa,5.6,4.6
comestible,almendra,verde,campana,escamosa,verde,ancha,agrandada,marrón,grande,ninguno,café,dispersa,pastizal,no,blanco,viscosa,8.0,12.1
comestible,creosota,amarillo,nudoso,estriada,verde,ancha,agrandada,gris,colgante,ninguno,blanco,solitaria,urbano,sí,blanco,seca,7.5,4.8
comestible,almendra,canela,cónico,fibrosa,gris,angosta,ahusada,blanco,colgante,dos,morado,varias,senderos,no,blanco,húmeda,2.7,5.8
venenoso,fétido,gris,plano,fibrosa,blanco,angosta,agrandada,canela,ninguno,ninguno,marrón,varias,desechos,sí,naranja,seca,3.8,6.7
comestible,ninguno,canela,hundido,escamosa,verde,angosta,agrandada,canela,grande,dos,marrón,dispersa,urbano,no,marrón,seca,5.6,2.6
venenoso,almendra,blanco,cónico,fibrosa,gris,angosta,ahusada,marrón,grande,dos,blanco,dispersa,hojas,no,blanco,seca,5.6,1.8
venenoso,mohoso,amarillo,campana,fibrosa,gris,angosta,agrandada,blanco,evanescente,dos,café,dispersa,senderos,no,blanco,húmeda,1.2,3.4
venenoso,mohoso,verde,campana,fibrosa,rojo,ancha,agrandada,blanco,ninguno,ninguno,café,numerosa,pastizal,sí,naranja,viscosa,6.0,9.7
comestible,ninguno,rosa,nudoso,fibrosa,negro,angosta,ahusada,rosa,colgante,ninguno,café,varias,senderos,sí,blanco,seca,5.0,7.4
comestible,pescado,marrón,plano,lisa,negro,ancha,ahusada,marrón,ninguno,dos,blanco,dispersa,urbano,no,blanco,seca,2.7,4.8
comestible,almendra,marrón,convexo,escamosa,gris,angosta,ahusada,marrón,grande,uno,marrón,abundante,desechos,sí,naranja,viscosa,4.8,7.9
comestible,anís,verde,cónico,fibrosa,negro,angosta,ahusada,rosa,grande,ninguno,verde,varias,hojas,sí,marrón,seca,6.3,4.4
venenoso,picante,gris,nudoso,escamosa,marrón,angosta,agrandada,canela,grande,ninguno,blanco,varias,bosque,no,marrón,húmeda,8.8,6.4
comestible,ninguno,blanco,convexo,estriada,rojo,angosta,agrandada,blanco,evanescente,ninguno,negro,agrupada,urbano,no,blanco,viscosa,4.1,5.9
venenoso,pescado,rojo,convexo,escamosa,morado,ancha,ahusada,rosa,ninguno,ninguno,marrón,solitaria,urbano,no,blanco,húmeda,6.5,9.9
venenoso,fétido,marrón,hundido,lisa,rojo,angosta,agrandada,rosa,grande,ninguno,blanco,dispersa,urbano,no,naranja,húmeda,5.8,6.1
comestible,anís,gris,hundido,lisa,marrón,ancha,ahusada,canela,ninguno,uno,negro,dispersa,pastizal,sí,naranja,viscosa,6.3,7.0
comestible,almendra,rosa,nudoso,estriada,negro,ancha,ahusada,gris,ninguno,ninguno,blanco,abundante,desechos,sí,blanco,húmeda,5.0,5.3
venenoso,picante,canela,hundido,escamosa,marrón,ancha,agrandada,gris,ninguno,dos,negro,dispersa,senderos,sí,blanco,viscosa,5.7,4.2
venenoso,picante,gris,campana,escamosa,rosa,angosta,ahusada,blanco,colgante,uno,marrón,numerosa,senderos,sí,naranja,seca,6.2,6.8
venenoso,pescado,canela,convexo,fibrosa,marrón,ancha,ahusada,canela,grande,uno,morado,varias,hojas,no,naranja,viscosa,6.5,6.1
venenoso,creosota,verde,campana,escamosa,blanco,angosta,ahusada,gris,colgante,uno,blanco,agrupada,hojas,no,marrón,viscosa,7.3,5.2
comestible,picante,rojo,cónico,fibrosa,blanco,ancha,ahusada,rosa,evanescente,dos,negro,dispersa,senderos,sí,blanco,viscosa,5.6,6.6
venenoso,creosota,blanco,convexo,escamosa,verde,ancha,agrandada,canela,ninguno,dos,verde,solitaria,bosque,sí,naranja,viscosa,6.0,6.0
comestible,pescado,marrón,cónico,estriada,verde,ancha,ahusada,gris,evanescente,ninguno,café,numerosa,senderos,no,marrón,seca,5.8,6.1
venenoso,pescado,canela,hundido,estriada,rojo,ancha,agrandada,blanco,colgante,dos,blanco,agrupada,desechos,sí,naranja,seca,4.1,9.4
venenoso,creosota,canela,convexo,lisa,rosa,ancha,agrandada,marrón,ninguno,ninguno,café,numerosa,hojas,sí,marrón,húmeda,6.0,5.0
venenoso,anís,marrón,cónico,fibrosa,rojo,ancha,agrandada,gris,evanescente,dos,morado,numerosa,hojas,no,naranja,húmeda,5.1,5.3
venenoso,fétido,blanco,campana,lisa,gris,ancha,agrandada,rosa,ninguno,dos,verde,abundante,desechos,sí,marrón,viscosa,6.0,9.5
comestible,fétido,verde,plano,estriada,rojo,angosta,ahusada,marrón,colgante,uno,marrón,dispersa,pastizal,sí,naranja,húmeda,4.0,7.4
comestible,ninguno,verde,cónico,lisa,rojo,angosta,agrandada,rosa,ninguno,ninguno,marrón,abundante,urbano,sí,blanco,húmeda,7.4,9.3
venenoso,fétido,marrón,campana,lisa,gris,angosta,agrandada,canela,colgante,dos,café,abundante,bosque,sí,naranja,viscosa,8.1,7.5
venenoso,creosota,gris,convexo,fibrosa,verde,angosta,ahusada,gris,grande,ninguno,morado,abundante,pastizal,no,naranja,húmeda,7.5,7.3
comestible,almendra,gris,hundido,fibrosa,rojo,angosta,agrandada,blanco,colgante,dos,marrón,abundante,desechos,no,blanco,seca,10.5,6.0
venenoso,pescado,canela,plano,estriada,negro,ancha,agrandada,marrón,colgante,uno,marrón,numerosa,bosque,no,blanco,viscosa,5.1,10.6
venenoso,pescado,blanco,nudoso,escamosa,verde,angosta,ahusada,blanco,colgante,ninguno,morado,varias,pastizal,sí,marrón,seca,6.8,4.7
comestible,anís,amarillo,hundido,estriada,rojo,angosta,ahusada,blanco,colgante,ninguno,negro,dispersa,urbano,sí,naranja,seca,2.5,7.3
venenoso,pescado,verde,cónico,lisa,negro,angosta,ahusada,marrón,grande,ninguno,marrón,numerosa,hojas,sí,marrón,seca,5.5,8.1
comestible,pescado,amarillo,cónico,lisa,negro,angosta,agrandada,gris,colgante,dos,negro,abundante,bosque,no,marrón,viscosa,4.5,7.3
venenoso,picante,verde,hundido,fibrosa,negro,ancha,ahusada,gris,ninguno,uno,café,dispersa,bosque,no,naranja,seca,6.3,7.1
venenoso,picante,canela,campana,escamosa,negro,angosta,ahusada,canela,evanescente,dos,negro,dispersa,bosque,no,naranja,seca,4.5,5.0
venenoso,creosota,marrón,plano,lisa,rojo,ancha,agrandada,canela,colgante,uno,verde,numerosa,urbano,sí,marrón,seca,7.3,4.8
venenoso,picante,marrón,convexo,fibrosa,blanco,ancha,agrandada,canela,colgante,dos,marrón,dispersa,bosque,sí,naranja,seca,7.3,6.4
venenoso,mohoso,rosa,campana,lisa,marrón,angosta,agrandada,marrón,ninguno,ninguno,café,numerosa,urbano,no,marrón,seca,6.1,8.5
venenoso,picante,gris,nudoso,lisa,verde,angosta,ahusada,marrón,evanescente,uno,verde,solitaria,pastizal,sí,naranja,húmeda,8.2,7.5
venenoso,mohoso,blanco,campana,estriada,blanco,ancha,ahusada,rosa,grande,uno,morado,abundante,desechos,no,naranja,viscosa,6.1,7.8
comestible,ninguno,rosa,nudoso,lisa,marrón,angosta,ahusada,gris,colgante,dos,verde,varias,bosque,sí,blanco,húmeda,4.3,11.0
comestible,mohoso,gris,cónico,estriada,verde,angosta,ahusada,blanco,grande,dos,marrón,abundante,pastizal,sí,marrón,húmeda,6.6,9.6
venenoso,pescado,canela,plano,lisa,morado,ancha,agrandada,marrón,colgante,uno,marrón,numerosa,urbano,no,blanco,viscosa,6.0,5.8
venenoso,pescado,verde,convexo,lisa,blanco,ancha,ahusada,blanco,ninguno,dos,verde,abundante,pastizal,sí,blanco,húmeda,2.3,9.5
venenoso,anís,gris,convexo,lisa,rosa,ancha,ahusada,blanco,evanescente,uno,verde,varias,urbano,no,naranja,húmeda,7.0,8.6
venenoso,pescado,marrón,hundido,fibrosa,gris,angosta,agrandada,rosa,colgante,dos,marrón,varias,bosque,sí,marrón,viscosa,4.2,3.7
venenoso,picante,amarillo,cónico,estriada,morado,angosta,ahusada,canela,ninguno,ninguno,marrón,numerosa,desechos,no,naranja,húmeda,1.0,7.5
comestible,mohoso,gris,cónico,estriada,blanco,angosta,agrandada,blanco,grande,ninguno,negro,dispersa,desechos,sí,blanco,seca,7.9,1.5
comestible,almendra,verde,nudoso,fibrosa,negro,angosta,ahusada,canela,ninguno,dos,blanco,numerosa,desechos,no,naranja,húmeda,7.6,10.3
comestible,almendra,marrón,nudoso,lisa,gris,ancha,ahusada,rosa,grande,uno,verde,abundante,desechos,no,naranja,viscosa,4.8,10.6
venenoso,pescado,marrón,cónico,estriada,blanco,angosta,agrandada,blanco,ninguno,dos,blanco,agrupada,senderos,no,blanco,seca,2.8,9.0
comestible,almendra,blanco,campana,escamosa,negro,ancha,ahusada,blanco,ninguno,dos,negro,agrupada,desechos,no,naranja,viscosa,7.6,6.8
comestible,picante,blanco,cónico,escamosa,negro,ancha,agrandada,canela,evanescente,uno,marrón,dispersa,desechos,no,blanco,viscosa,6.6,5.9
venenoso,mohoso,marrón,plano,estriada,rojo,angosta,ahusada,marrón,ninguno,dos,verde,numerosa,bosque,no,naranja,húmeda,3.0,6.1
comestible,ninguno,blanco,campana,estriada,blanco,ancha,agrandada,canela,grande,uno,verde,varias,senderos,no,marrón,viscosa,6.4,7.6
venenoso,picante,canela,nudoso,escamosa,negro,ancha,ahusada,rosa,evanescente,dos,morado,numerosa,urbano,sí,marrón,seca,2.4,8.0
comestible,ninguno,verde,campana,fibrosa,negro,angosta,ahusada,canela,evanescente,dos,verde,abundante,senderos,no,marrón,seca,3.8,10.1
comestible,anís,amarillo,nudoso,escamosa,morado,ancha,ahusada,rosa,colgante,uno,café,varias,urbano,no,blanco,húmeda,5.9,6.3
comestible,anís,gris,plano,lisa,negro,ancha,ahusada,marrón,colgante,ninguno,blanco,abundante,pastizal,sí,blanco,viscosa,4.3,5.3
comestible,almendra,marrón,nudoso,lisa,marrón,ancha,agrandada,rosa,ninguno,dos,negro,solitaria,pastizal,no,naranja,seca,6.4,5.0
venenoso,creosota,marrón,nudoso,escamosa,verde,ancha,agrandada,marrón,ninguno,ninguno,negro,solitaria,pastizal,sí,naranja,viscosa,8.0,7.7
comestible,almendra,gris,convexo,lisa,blanco,angosta,agrandada,rosa,colgante,uno,negro,dispersa,pastizal,no,marrón,seca,6.3,5.7
venenoso,pescado,rojo,campana,lisa,rosa,ancha,agrandada,marrón,colgante,uno,morado,solitaria,bosque,sí,marrón,húmeda,4.3,9.9
comestible,creosota,amarillo,plano,fibrosa,blanco,ancha,agrandada,marrón,grande,ninguno,negro,numerosa,desechos,sí,blanco,húmeda,4.1,8.6
comestible,picante,canela,plano,escamosa,rojo,ancha,agrandada,blanco,evanescente,ninguno,blanco,numerosa,desechos,no,marrón,viscosa,9.4,6.2
comestible,anís,verde,cónico,lisa,verde,ancha,agrandada,gris,grande,dos,blanco,varias,senderos,no,marrón,viscosa,8.8,8.7
venenoso,mohoso,verde,cónico,fibrosa,negro,ancha,ahusada,rosa,ninguno,dos,negro,abundante,hojas,no,blanco,húmeda,5.2,10.4
comestible,anís,marrón,plano,lisa,rosa,ancha,agrandada,gris,evanescente,uno,negro,solitaria,senderos,no,naranja,húmeda,4.6,7.0
venenoso,fétido,rosa,convexo,lisa,verde,angosta,agrandada,blanco,evanescente,uno,morado,varias,urbano,no,blanco,seca,7.7,9.4
venenoso,picante,gris,campana,estriada,rosa,angosta,agrandada,marrón,grande,ninguno,morado,varias,senderos,sí,naranja,húmeda,7.0,8.4
venenoso,picante,marrón,campana,lisa,marrón,ancha,ahusada,blanco,ninguno,ninguno,café,varias,desechos,sí,marrón,viscosa,5.1,9.6
comestible,almendra,blanco,plano,escamosa,rojo,ancha,ahusada,blanco,grande,uno,café,abundante,desechos,sí,naranja,seca,9.2,5.4
venenoso,creosota,gris,cónico,fibrosa,verde,angosta,ahusada,blanco,evanescente,ninguno,verde,solitaria,bosque,sí,marrón,viscosa,4.6,3.9
venenoso,creosota,marrón,plano,escamosa,verde,ancha,agrandada,rosa,evanescente,dos,negro,solitaria,urbano,no,naranja,seca,9.0,5.7
comestible,almendra,rosa,cónico,fibrosa,gris,angosta,ahusada,rosa,ninguno,uno,negro,abundante,senderos,no,blanco,viscosa,6.5,4.7
venenoso,mohoso,canela,cónico,fibrosa,morado,ancha,agrandada,marrón,ninguno,dos,verde,agrupada,desechos,sí,naranja,seca,7.1,10.3
comestible,ninguno,rosa,hundido,fibrosa,blanco,angosta,ahusada,gris,colgante,ninguno,blanco,solitaria,senderos,no,blanco,seca,8.1,6.8
comestible,almendra,blanco,nudoso,fibrosa,blanco,ancha,ahusada,blanco,ninguno,dos,negro,numerosa,urbano,sí,blanco,húmeda,8.5,5.9
comestible,ninguno,rosa,campana,estriada,rosa,ancha,ahusada,gris,ninguno,ninguno,marrón,varias,hojas,no,marrón,seca,5.4,10.4
venenoso,mohoso,rojo,convexo,escamosa,verde,angosta,ahusada,rosa,grande,uno,verde,dispersa,senderos,sí,naranja,húmeda,7.2,6.5
comestible,fétido,blanco,campana,estriada,morado,angosta,ahusada,canela,colgante,dos,negro,abundante,pastizal,no,blanco,húmeda,8.4,13.9
venenoso,fétido,gris,convexo,estriada,rosa,ancha,agrandada,gris,ninguno,dos,marrón,dispersa,urbano,no,blanco,húmeda,6.4,7.8
comestible,ninguno,gris,hundido,lisa,verde,angosta,ahusada,marrón,ninguno,ninguno,verde,numerosa,pastizal,no,naranja,seca,4.5,5.3
comestible,fétido,rojo,campana,lisa,marrón,angosta,ahusada,rosa,evanescente,dos,café,agrupada,urbano,no,blanco,húmeda,3.8,9.2
venenoso,fétido,verde,hundido,estriada,rosa,ancha,ahusada,canela,grande,dos,negro,solitaria,hojas,no,naranja,seca,7.1,8.6
comestible,picante,amarillo,plano,fibrosa,rosa,angosta,agrandada,canela,grande,uno,café,solitaria,urbano,sí,blanco,viscosa,6.9,9.8
venenoso,fétido,verde,convexo,estriada,rojo,ancha,agrandada,canela,evanescente,uno,marrón,agrupada,hojas,no,naranja,seca,4.6,7.3
comestible,mohoso,gris,convexo,estriada,gris,angosta,agrandada,canela,grande,dos,negro,varias,urbano,sí,blanco,viscosa,5.9,6.7
venenoso,ninguno,amarillo,hundido,escamosa,verde,angosta,agrandada,marrón,ninguno,dos,café,numerosa,senderos,no,naranja,viscosa,7.9,7.8
venenoso,anís,gris,convexo,escamosa,marrón,angosta,agrandada,rosa,ninguno,dos,negro,numerosa,bosque,no,marrón,viscosa,9.0,10.4
comestible,pescado,amarillo,nudoso,fibrosa,marrón,angosta,ahusada,blanco,evanescente,dos,negro,numerosa,desechos,sí,marrón,viscosa,3.9,10.7
comestible,picante,rosa,campana,escamosa,morado,ancha,agrandada,marrón,evanescente,dos,negro,abundante,desechos,no,naranja,seca,7.1,4.8
comestible,fétido,verde,cónico,estriada,marrón,angosta,agrandada,rosa,grande,dos,marrón,dispersa,bosque,no,marrón,húmeda,6.5,8.8
comestible,anís,gris,campana,lisa,marrón,angosta,ahusada,marrón,grande,dos,café,solitaria,desechos,no,blanco,húmeda,6.4,5.1
venenoso,creosota,canela,hundido,escamosa,morado,angosta,ahusada,rosa,ninguno,dos,café,abundante,hojas,sí,naranja,seca,6.5,9.1
venenoso,picante,amarillo,plano,escamosa,gris,ancha,ahusada,blanco,ninguno,uno,blanco,solitaria,desechos,sí,naranja,húmeda,4.7,6.6
venenoso,creosota,marrón,nudoso,estriada,marrón,angosta,ahusada,canela,colgante,dos,marrón,varias,pastizal,no,blanco,viscosa,4.8,9.6
venenoso,mohoso,marrón,plano,fibrosa,rosa,ancha,agrandada,gris,ninguno,uno,verde,solitaria,hojas,no,naranja,húmeda,7.8,6.0
comestible,picante,rojo,plano,lisa,rojo,angosta,agrandada,marrón,colgante,uno,café,numerosa,pastizal,no,marrón,viscosa,5.8,4.9
venenoso,picante,gris,cónico,fibrosa,verde,ancha,agrandada,marrón,grande,ninguno,marrón,agrupada,bosque,sí,naranja,viscosa,6.3,4.4
venenoso,mohoso,gris,cónico,fibrosa,rojo,ancha,agrandada,gris,colgante,uno,blanco,numerosa,urbano,no,naranja,seca,5.5,9.6
venenoso,picante,verde,hundido,fibrosa,negro,ancha,agrandada,rosa,ninguno,ninguno,morado,dispersa,senderos,no,marrón,viscosa,6.8,6.8
comestible,mohoso,verde,nudoso,estriada,rosa,ancha,ahusada,rosa,colgante,dos,blanco,varias,desechos,no,marrón,húmeda,8.8,11.7
comestible,picante,canela,convexo,lisa,blanco,angosta,agrandada,gris,ninguno,dos,café,varias,bosque,sí,blanco,húmeda,6.3,2.8
venenoso,creosota,rosa,cónico,lisa,negro,angosta,ahusada,canela,ninguno,uno,café,dispersa,urbano,sí,blanco,viscosa,4.7,4.7
venenoso,mohoso,verde,convexo,lisa,morado,ancha,agrandada,canela,ninguno,ninguno,marrón,varias,senderos,no,naranja,húmeda,6.2,11.0
venenoso,fétido,verde,cónico,fibrosa,blanco,ancha,ahusada,canela,colgante,dos,verde,abundante,pastizal,no,naranja,viscosa,6.0,9.2
venenoso,picante,blanco,plano,fibrosa,verde,ancha,agrandada,gris,grande,dos,verde,agrupada,urbano,no,blanco,viscosa,9.1,6.5
comestible,almendra,blanco,convexo,estriada,marrón,angosta,agrandada,rosa,grande,dos,blanco,abundante,senderos,sí,marrón,seca,6.4,7.5
venenoso,mohoso,gris,hundido,estriada,blanco,angosta,ahusada,blanco,ninguno,dos,café,numerosa,hojas,sí,blanco,seca,6.2,7.6
comestible,ninguno,rojo,nudoso,estriada,marrón,angosta,agrandada,canela,grande,uno,morado,agrupada,senderos,sí,naranja,húmeda,9.9,5.8
comestible,almendra,verde,convexo,lisa,rosa,ancha,ahusada,rosa,colgante,ninguno,blanco,agrupada,urbano,no,blanco,viscosa,3.2,6.5
comestible,ninguno,rosa,nudoso,fibrosa,negro,ancha,ahusada,rosa,evanescente,uno,blanco,solitaria,urbano,no,blanco,húmeda,3.4,9.1
comestible,ninguno,rojo,campana,escamosa,blanco,angosta,agrandada,canela,colgante,uno,negro,agrupada,desechos,sí,naranja,húmeda,8.3,4.2
comestible,almendra,rojo,cónico,fibrosa,negro,angosta,agrandada,gris,evanescente,ninguno,café,solitaria,bosque,sí,blanco,húmeda,6.6,7.3
venenoso,fétido,canela,campana,lisa,gris,angosta,agrandada,rosa,colgante,dos,morado,dispersa,hojas,sí,marrón,seca,6.5,10.2
venenoso,picante,amarillo,campana,estriada,morado,ancha,agrandada,canela,evanescente,ninguno,negro,varias,pastizal,sí,blanco,viscosa,6.3,5.3
comestible,almendra,amarillo,plano,estriada,morado,angosta,agrandada,rosa,colgante,dos,morado,varias,senderos,sí,marrón,húmeda,4.6,8.9
comestible,anís,rosa,nudoso,estriada,gris,ancha,agrandada,blanco,ninguno,dos,morado,agrupada,bosque,no,marrón,seca,5.5,7.4
comestible,ninguno,blanco,nudoso,lisa,gris,ancha,ahusada,blanco,colgante,uno,verde,varias,hojas,no,naranja,húmeda,5.4,6.3
venenoso,picante,blanco,hundido,estriada,blanco,angosta,ahusada,canela,evanescente,uno,café,abundante,desechos,sí,blanco,húmeda,5.9,5.7
venenoso,creosota,marrón,cónico,estriada,negro,ancha,ahusada,canela,grande,dos,café,numerosa,hojas,sí,naranja,viscosa,4.8,7.6
comestible,ninguno,marrón,plano,estriada,rojo,ancha,agrandada,blanco,grande,dos,morado,agrupada,urbano,sí,naranja,seca,10.7,11.9
venenoso,pescado,canela,plano,estriada,verde,angosta,agrandada,marrón,colgante,ninguno,café,agrupada,urbano,sí,naranja,húmeda,4.2,4.2
venenoso,anís,gris,campana,estriada,blanco,angosta,ahusada,marrón,evanescente,ninguno,morado,varias,senderos,sí,naranja,húmeda,5.4,7.7
comestible,pescado,gris,nudoso,estriada,rosa,ancha,agrandada,marrón,evanescente,dos,café,agrupada,hojas,no,blanco,seca,5.7,7.5
comestible,mohoso,rojo,campana,estriada,rosa,ancha,ahusada,blanco,ninguno,dos,negro,varias,senderos,no,marrón,húmeda,3.9,6.6
comestible,fétido,rojo,campana,estriada,rosa,ancha,ahusada,blanco,evanescente,ninguno,negro,numerosa,desechos,sí,blanco,viscosa,5.8,1.0
venenoso,picante,gris,campana,lisa,verde,angosta,agrandada,marrón,evanescente,dos,café,abundante,bosque,sí,marrón,viscosa,3.7,7.9
comestible,ninguno,verde,hundido,escamosa,morado,ancha,ahusada,marrón,colgante,ninguno,negro,agrupada,senderos,no,marrón,viscosa,6.2,5.7
comestible,anís,canela,nudoso,fibrosa,rosa,ancha,agrandada,marrón,colgante,ninguno,negro,dispersa,desechos,sí,marrón,húmeda,6.1,5.2
venenoso,picante,verde,convexo,fibrosa,morado,ancha,agrandada,gris,ninguno,ninguno,café,agrupada,urbano,no,marrón,seca,3.1,9.1
comestible,picante,amarillo,plano,fibrosa,gris,ancha,agrandada,gris,grande,uno,café,dispersa,pastizal,sí,blanco,húmeda,4.7,4.6
venenoso,picante,verde,plano,lisa,verde,angosta,ahusada,marrón,ninguno,uno,morado,dispersa,desechos,no,blanco,viscosa,4.1,8.5
venenoso,fétido,amarillo,plano,escamosa,rosa,ancha,agrandada,rosa,grande,uno,café,solitaria,desechos,no,naranja,viscosa,7.0,9.4
venenoso,creosota,rosa,nudoso,escamosa,gris,angosta,ahusada,gris,ninguno,uno,marrón,varias,pastizal,no,blanco,húmeda,3.9,7.0
comestible,anís,gris,convexo,escamosa,gris,angosta,ahusada,rosa,colgante,uno,café,agrupada,senderos,no,blanco,húmeda,5.9,6.0
venenoso,mohoso,amarillo,cónico,escamosa,marrón,angosta,agrandada,blanco,ninguno,dos,blanco,dispersa,senderos,no,blanco,viscosa,7.3,5.2
comestible,anís,marrón,convexo,estriada,marrón,ancha,agrandada,canela,grande,dos,marrón,agrupada,urbano,sí,blanco,húmeda,9.2,9.3
venenoso,creosota,amarillo,campana,estriada,gris,angosta,ahusada,marrón,colgante,ninguno,café,varias,hojas,no,blanco,húmeda,6.6,4.5
venenoso,creosota,canela,cónico,estriada,marrón,ancha,ahusada,gris,colgante,ninguno,marrón,dispersa,senderos,no,blanco,húmeda,5.6,6.2
venenoso,creosota,amarillo,plano,estriada,verde,ancha,ahusada,blanco,evanescente,uno,morado,varias,pastizal,sí,blanco,seca,5.9,6.5
comestible,fétido,verde,cónico,estriada,marrón,angosta,ahusada,gris,ninguno,uno,café,solitaria,desechos,sí,blanco,seca,7.7,5.8
venenoso,creosota,canela,hundido,escamosa,rojo,ancha,agrandada,gris,ninguno,dos,marrón,solitaria,hojas,sí,naranja,húmeda,4.2,9.9
venenoso,pescado,canela,plano,fibrosa,negro,angosta,agrandada,gris,evanescente,ninguno,café,varias,desechos,sí,naranja,viscosa,7.3,6.2
venenoso,pescado,verde,nudoso,lisa,morado,angosta,ahusada,canela,grande,dos,negro,varias,bosque,sí,blanco,húmeda,5.1,10.0
venenoso,anís,blanco,campana,estriada,rosa,ancha,ahusada,rosa,grande,dos,verde,solitaria,desechos,no,naranja,seca,5.8,9.4
venenoso,picante,blanco,cónico,fibrosa,rosa,angosta,ahusada,canela,colgante,dos,marrón,abundante,desechos,sí,naranja,seca,9.5,8.8
venenoso,pescado,rojo,nudoso,escamosa,verde,ancha,agrandada,rosa,ninguno,ninguno,morado,dispersa,bosque,sí,marrón,viscosa,8.1,7.9
comestible,ninguno,rojo,cónico,escamosa,blanco,ancha,ahusada,blanco,colgante,dos,morado,numerosa,pastizal,no,naranja,viscosa,6.8,6.6
comestible,anís,verde,plano,lisa,negro,angosta,ahusada,blanco,grande,dos,negro,dispersa,senderos,no,naranja,viscosa,5.0,12.4
comestible,almendra,amarillo,convexo,escamosa,gris,ancha,ahusada,canela,colgante,ninguno,morado,varias,pastizal,sí,blanco,húmeda,7.3,7.5
venenoso,picante,verde,campana,escamosa,gris,ancha,ahusada,gris,grande,dos,café,abundante,pastizal,no,blanco,húmeda,4.4,6.8
comestible,fétido,blanco,convexo,estriada,verde,angosta,ahusada,canela,ninguno,dos,café,solitaria,senderos,no,blanco,viscosa,4.4,12.5
comestible,anís,verde,campana,lisa,negro,ancha,ahusada,marrón,ninguno,dos,café,varias,bosque,no,marrón,viscosa,4.3,6.1
venenoso,pescado,amarillo,convexo,lisa,marrón,angosta,agrandada,marrón,ninguno,ninguno,morado,numerosa,pastizal,no,blanco,viscosa,6.5,2.4
venenoso,ninguno,amarillo,plano,fibrosa,rojo,ancha,agrandada,rosa,grande,dos,negro,dispersa,hojas,sí,blanco,viscosa,8.4,7.8
comestible,fétido,amarillo,nudoso,estriada,marrón,angosta,agrandada,canela,ninguno,dos,café,agrupada,senderos,no,naranja,húmeda,7.1,5.0
venenoso,mohoso,rosa,nudoso,fibrosa,verde,ancha,ahusada,blanco,evanescente,ninguno,café,dispersa,senderos,no,marrón,viscosa,7.7,6.1
venenoso,creosota,gris,cónico,estriada,morado,ancha,ahusada,marrón,grande,dos,verde,numerosa,bosque,no,marrón,seca,5.5,3.6
comestible,ninguno,gris,nudoso,lisa,rosa,ancha,ahusada,marrón,ninguno,dos,marrón,abundante,urbano,sí,naranja,viscosa,6.1,8.4
venenoso,creosota,blanco,cónico,fibrosa,verde,angosta,agrandada,canela,evanescente,ninguno,morado,numerosa,senderos,no,naranja,viscosa,8.9,3.4
comestible,ninguno,gris,convexo,lisa,rosa,ancha,ahusada,canela,ninguno,dos,negro,numerosa,senderos,no,naranja,húmeda,6.0,4.1
venenoso,pescado,canela,hundido,escamosa,rojo,ancha,ahusada,canela,ninguno,ninguno,negro,solitaria,desechos,no,blanco,húmeda,10.2,8.5
comestible,almendra,canela,campana,fibrosa,marrón,angosta,agrandada,blanco,colgante,uno,marrón,solitaria,senderos,no,marrón,seca,8.2,9.3
comestible,almendra,verde,plano,lisa,blanco,angosta,agrandada,blanco,colgante,dos,marrón,numerosa,hojas,no,naranja,seca,5.3,6.8
comestible,almendra,canela,convexo,lisa,rojo,angosta,ahusada,canela,ninguno,ninguno,morado,abundante,hojas,no,marrón,húmeda,7.2,9.6
venenoso,picante,amarillo,hundido,lisa,morado,ancha,agrandada,rosa,grande,dos,verde,varias,pastizal,no,marrón,húmeda,5.0,8.5
comestible,almendra,verde,nudoso,escamosa,marrón,angosta,agrandada,gris,colgante,dos,blanco,abundante,senderos,sí,naranja,seca,6.6,9.0
comestible,mohoso,amarillo,nudoso,lisa,rojo,angosta,ahusada,rosa,colgante,ninguno,café,solitaria,desechos,no,naranja,viscosa,2.5,11.7
venenoso,pescado,rosa,convexo,estriada,morado,ancha,agrandada,canela,grande,uno,blanco,abundante,bosque,sí,blanco,viscosa,10.2,11.0
comestible,anís,marrón,plano,escamosa,verde,ancha,agrandada,canela,ninguno,ninguno,negro,varias,senderos,no,blanco,seca,2.3,5.5
venenoso,fétido,blanco,cónico,fibrosa,marrón,angosta,agrandada,rosa,ninguno,ninguno,verde,solitaria,urbano,no,blanco,viscosa,7.3,7.3
venenoso,picante,rojo,cónico,estriada,negro,angosta,agrandada,canela,grande,uno,verde,abundante,senderos,no,blanco,seca,3.9,7.0
comestible,anís,rosa,convexo,fibrosa,rojo,angosta,agrandada,blanco,ninguno,uno,blanco,numerosa,pastizal,sí,marrón,viscosa,3.8,2.0
venenoso,pescado,canela,campana,estriada,blanco,ancha,agrandada,marrón,evanescente,uno,café,abundante,desechos,no,marrón,seca,8.7,10.0
comestible,almendra,rosa,convexo,fibrosa,rosa,ancha,agrandada,canela,colgante,dos,marrón,agrupada,urbano,sí,marrón,seca,4.1,9.5
venenoso,mohoso,verde,hundido,escamosa,blanco,ancha,agrandada,marrón,ninguno,ninguno,negro,dispersa,hojas,sí,marrón,seca,4.4,9.7
venenoso,mohoso,verde,cónico,escamosa,gris,ancha,agrandada,blanco,grande,uno,morado,dispersa,desechos,no,naranja,seca,9.9,4.4
venenoso,picante,marrón,convexo,lisa,rosa,angosta,agrandada,rosa,evanescente,dos,café,dispersa,senderos,sí,marrón,viscosa,7.0,8.3
venenoso,creosota,verde,plano,escamosa,verde,ancha,agrandada,blanco,colgante,dos,negro,solitaria,hojas,no,naranja,húmeda,8.0,5.5
comestible,anís,rojo,cónico,lisa,rosa,ancha,ahusada,marrón,grande,uno,blanco,varias,desechos,no,blanco,viscosa,10.4,7.0
comestible,anís,rojo,convexo,lisa,gris,angosta,agrandada,marrón,colgante,ninguno,negro,solitaria,hojas,no,naranja,húmeda,7.9,5.2
comestible,picante,rosa,nudoso,estriada,blanco,ancha,agrandada,canela,colgante,dos,blanco,numerosa,desechos,sí,naranja,húmeda,7.1,9.4
comestible,almendra,rojo,campana,escamosa,rojo,ancha,ahusada,rosa,colgante,dos,marrón,solitaria,urbano,sí,marrón,viscosa,6.9,7.5
comestible,picante,rosa,cónico,lisa,verde,angosta,ahusada,rosa,grande,uno,blanco,dispersa,urbano,sí,naranja,viscosa,7.9,7.9
comestible,anís,gris,campana,lisa,verde,ancha,ahusada,blanco,ninguno,uno,verde,agrupada,hojas,no,naranja,seca,4.7,6.7
comestible,ninguno,verde,campana,estriada,verde,ancha,ahusada,canela,ninguno,ninguno,café,solitaria,pastizal,sí,blanco,húmeda,4.0,11.6
comestible,almendra,rosa,cónico,lisa,verde,ancha,agrandada,blanco,ninguno,ninguno,marrón,dispersa,pastizal,no,naranja,seca,4.4,13.6
venenoso,anís,amarillo,nudoso,estriada,verde,angosta,ahusada,canela,evanescente,dos,blanco,solitaria,pastizal,sí,marrón,viscosa,5.8,8.9
venenoso,mohoso,rojo,convexo,escamosa,rojo,ancha,ahusada,marrón,ninguno,dos,morado,dispersa,urbano,no,marrón,húmeda,8.5,5.9
comestible,pescado,gris,cónico,fibrosa,morado,angosta,agrandada,rosa,evanescente,uno,blanco,agrupada,desechos,no,naranja,viscosa,6.6,7.0
comestible,mohoso,amarillo,nudoso,fibrosa,rosa,angosta,agrandada,canela,ninguno,uno,café,solitaria,hojas,sí,naranja,viscosa,3.2,5.7
comestible,ninguno,verde,campana,lisa,negro,ancha,ahusada,rosa,evanescente,dos,café,abundante,urbano,sí,naranja,húmeda,7.8,6.2
comestible,creosota,marrón,cónico,fibrosa,morado,angosta,ahusada,marrón,grande,uno,café,abundante,desechos,no,marrón,viscosa,6.9,5.6
venenoso,fétido,marrón,convexo,lisa,gris,ancha,ahusada,canela,ninguno,uno,negro,varias,senderos,sí,naranja,seca,7.2,6.0
venenoso,creosota,marrón,plano,fibrosa,rosa,angosta,ahusada,rosa,ninguno,ninguno,negro,numerosa,desechos,sí,naranja,seca,4.0,4.5
venenoso,fétido,canela,convexo,lisa,marrón,angosta,agrandada,blanco,ninguno,uno,verde,solitaria,urbano,no,blanco,seca,6.3,4.0
venenoso,fétido,blanco,cónico,fibrosa,morado,ancha,ahusada,rosa,evanescente,ninguno,negro,dispersa,pastizal,sí,naranja,viscosa,5.2,7.7
venenoso,picante,rojo,convexo,escamosa,gris,angosta,agrandada,blanco,ninguno,dos,café,numerosa,hojas,no,naranja,húmeda,9.8,8.7
comestible,fétido,amarillo,hundido,lisa,rosa,ancha,agrandada,marrón,grande,dos,marrón,agrupada,pastizal,sí,blanco,viscosa,7.6,9.4
comestible,mohoso,marrón,plano,lisa,morado,ancha,agrandada,blanco,grande,uno,café,agrupada,senderos,sí,naranja,húmeda,4.3,10.4
venenoso,pescado,canela,nudoso,estriada,negro,ancha,ahusada,canela,ninguno,uno,café,abundante,bosque,no,marrón,seca,4.4,6.2
comestible,anís,gris,cónico,escamosa,gris,angosta,ahusada,canela,ninguno,uno,café,agrupada,pastizal,no,blanco,seca,3.8,3.3
comestible,almendra,amarillo,convexo,estriada,negro,ancha,agrandada,rosa,grande,ninguno,verde,numerosa,urbano,no,marrón,seca,3.8,9.2
comestible,almendra,blanco,cónico,escamosa,negro,angosta,agrandada,gris,ninguno,dos,marrón,numerosa,desechos,sí,blanco,viscosa,6.9,10.3
comestible,fétido,gris,nudoso,lisa,negro,ancha,agrandada,marrón,evanescente,uno,café,varias,urbano,sí,marrón,viscosa,6.6,11.1
comestible,anís,gris,plano,escamosa,blanco,angosta,ahusada,canela,evanescente,dos,café,agrupada,bosque,no,marrón,seca,6.1,9.4
venenoso,pescado,marrón,hundido,estriada,rojo,angosta,ahusada,marrón,evanescente,ninguno,café,varias,hojas,sí,blanco,húmeda,6.8,5.4
venenoso,creosota,amarillo,cónico,estriada,rosa,angosta,ahusada,rosa,evanescente,ninguno,negro,solitaria,hojas,no,blanco,húmeda,2.9,9.6
venenoso,mohoso,gris,convexo,fibrosa,rojo,ancha,agrandada,canela,grande,dos,negro,numerosa,hojas,no,blanco,viscosa,5.3,7.6
venenoso,ninguno,gris,hundido,fibrosa,blanco,angosta,ahusada,marrón,colgante,ninguno,verde,numerosa,hojas,sí,marrón,viscosa,6.7,7.4
venenoso,creosota,marrón,campana,fibrosa,blanco,angosta,agrandada,rosa,ninguno,dos,café,dispersa,pastizal,no,blanco,húmeda,8.9,3.3
venenoso,creosota,amarillo,campana,lisa,marrón,angosta,ahusada,canela,grande,dos,marrón,abundante,desechos,sí,blanco,húmeda,1.9,7.9
venenoso,pescado,canela,plano,fibrosa,marrón,angosta,agrandada,marrón,ninguno,uno,morado,varias,pastizal,no,marrón,húmeda,1.9,7.1
comestible,fétido,verde,plano,lisa,morado,angosta,ahusada,blanco,grande,uno,café,solitaria,hojas,no,naranja,húmeda,3.6,10.1
venenoso,fétido,canela,campana,escamosa,marrón,angosta,ahusada,blanco,colgante,uno,verde,numerosa,bosque,no,marrón,seca,4.0,7.5
comestible,anís,rosa,hundido,escamosa,rojo,ancha,ahusada,blanco,ninguno,uno,blanco,agrupada,urbano,sí,blanco,seca,5.9,5.6
comestible,anís,verde,hundido,lisa,rosa,ancha,ahusada,gris,ninguno,dos,verde,agrupada,hojas,no,marrón,seca,9.2,9.0
comestible,creosota,verde,convexo,lisa,morado,ancha,ahusada,blanco,colgante,uno,marrón,varias,senderos,sí,marrón,seca,3.5,7.4
venenoso,fétido,marrón,convexo,lisa,marrón,ancha,ahusada,marrón,grande,uno,verde,varias,senderos,sí,marrón,húmeda,5.2,9.4
comestible,picante,rosa,hundido,fibrosa,gris,ancha,ahusada,gris,ninguno,ninguno,café,varias,urbano,no,marrón,viscosa,7.5,9.8
venenoso,picante,amarillo,convexo,estriada,marrón,ancha,agrandada,canela,ninguno,ninguno,morado,varias,desechos,sí,naranja,viscosa,5.2,6.2
comestible,mohoso,canela,hundido,lisa,negro,angosta,ahusada,marrón,ninguno,ninguno,café,dispersa,desechos,sí,blanco,húmeda,8.7,10.7
comestible,ninguno,gris,cónico,fibrosa,rojo,angosta,ahusada,rosa,evanescente,uno,verde,dispersa,pastizal,sí,blanco,viscosa,8.0,8.9
venenoso,mohoso,rosa,nudoso,escamosa,gris,ancha,agrandada,rosa,evanescente,uno,negro,dispersa,pastizal,sí,marrón,seca,3.1,5.7
comestible,pescado,marrón,convexo,escamosa,verde,ancha,agrandada,marrón,ninguno,uno,negro,dispersa,bosque,sí,blanco,viscosa,9.3,6.1
venenoso,anís,marrón,campana,escamosa,rojo,angosta,agrandada,rosa,grande,dos,morado,solitaria,urbano,no,marrón,viscosa,7.3,2.9
venenoso,picante,rosa,nudoso,escamosa,morado,ancha,agrandada,rosa,grande,uno,marrón,abundante,bosque,no,marrón,seca,6.8,7.8
venenoso,creosota,rojo,nudoso,fibrosa,verde,angosta,agrandada,marrón,grande,ninguno,café,dispersa,urbano,sí,blanco,viscosa,5.4,8.1
venenoso,fétido,amarillo,hundido,fibrosa,morado,ancha,ahusada,canela,ninguno,dos,verde,solitaria,urbano,sí,marrón,húmeda,5.2,5.2
venenoso,creosota,blanco,plano,fibrosa,rosa,ancha,ahusada,marrón,ninguno,dos,negro,agrupada,desechos,no,marrón,seca,9.6,6.1
venenoso,creosota,amarillo,campana,escamosa,verde,ancha,ahusada,canela,ninguno,ninguno,negro,abundante,desechos,sí,marrón,seca,5.3,3.8
venenoso,mohoso,amarillo,cónico,fibrosa,gris,angosta,ahusada,blanco,evanescente,ninguno,café,numerosa,senderos,sí,marrón,húmeda,7.8,7.1
comestible,picante,rosa,nudoso,escamosa,rosa,angosta,ahusada,blanco,colgante,ninguno,marrón,varias,senderos,no,naranja,húmeda,7.4,11.1
venenoso,anís,rojo,campana,escamosa,gris,angosta,agrandada,gris,colgante,ninguno,verde,agrupada,senderos,sí,naranja,viscosa,3.1,5.4
comestible,almendra,rojo,convexo,estriada,morado,angosta,agrandada,marrón,evanescente,dos,blanco,dispersa,bosque,sí,blanco,viscosa,5.3,2.9
venenoso,creosota,marrón,hundido,lisa,blanco,ancha,agrandada,gris,colgante,ninguno,negro,dispersa,bosque,no,blanco,seca,5.8,6.6
venenoso,mohoso,blanco,convexo,estriada,marrón,ancha,ahusada,rosa,grande,dos,café,abundante,desechos,sí,naranja,seca,5.8,10.8
comestible,pescado,gris,plano,estriada,negro,ancha,agrandada,canela,ninguno,uno,negro,numerosa,hojas,sí,marrón,viscosa,1.0,8.5
comestible,fétido,rosa,campana,fibrosa,marrón,angosta,ahusada,marrón,grande,uno,negro,dispersa,urbano,no,naranja,viscosa,9.3,8.5
venenoso,mohoso,verde,plano,lisa,rosa,ancha,ahusada,blanco,colgante,uno,negro,numerosa,senderos,no,marrón,viscosa,7.9,4.7
venenoso,fétido,blanco,plano,lisa,gris,angosta,ahusada,marrón,evanescente,dos,morado,agrupada,bosque,no,marrón,viscosa,6.6,7.1
venenoso,creosota,amarillo,convexo,escamosa,morado,ancha,ahusada,marrón,evanescente,ninguno,café,agrupada,bosque,sí,marrón,húmeda,5.7,10.0
comestible,ninguno,rojo,convexo,fibrosa,rosa,ancha,ahusada,blanco,grande,ninguno,negro,agrupada,hojas,no,marrón,viscosa,4.0,9.3
venenoso,ninguno,gris,convexo,fibrosa,rojo,angosta,ahusada,rosa,grande,dos,verde,dispersa,pastizal,sí,blanco,húmeda,3.3,5.0
comestible,almendra,gris,convexo,lisa,negro,angosta,ahusada,blanco,grande,ninguno,verde,abundante,urbano,no,blanco,seca,2.6,4.7
comestible,ninguno,rojo,convexo,escamosa,rosa,angosta,ahusada,canela,colgante,dos,negro,varias,pastizal,sí,blanco,seca,8.3,13.2
comestible,anís,canela,hundido,escamosa,blanco,angosta,agrandada,marrón,grande,uno,blanco,varias,bosque,no,marrón,húmeda,5.1,11.4
venenoso,picante,marrón,nudoso,fibrosa,morado,angosta,ahusada,blanco,evanescente,uno,negro,abundante,desechos,no,naranja,viscosa,4.8,7.8
comestible,fétido,amarillo,campana,escamosa,rosa,ancha,agrandada,canela,ninguno,ninguno,café,solitaria,pastizal,no,naranja,seca,6.2,6.2
venenoso,pescado,canela,cónico,escamosa,marrón,ancha,ahusada,gris,evanescente,dos,verde,abundante,hojas,no,marrón,húmeda,1.3,12.1
comestible,ninguno,gris,plano,estriada,gris,ancha,ahusada,marrón,ninguno,dos,verde,agrupada,urbano,no,naranja,húmeda,8.3,6.0
comestible,pescado,gris,nudoso,fibrosa,marrón,ancha,agrandada,gris,evanescente,dos,marrón,varias,senderos,no,naranja,seca,5.1,3.5
venenoso,fétido,rojo,cónico,escamosa,negro,ancha,agrandada,rosa,grande,dos,café,abundante,pastizal,sí,naranja,húmeda,3.3,8.0
comestible,anís,canela,cónico,fibrosa,negro,angosta,ahusada,gris,evanescente,ninguno,marrón,agrupada,hojas,no,marrón,seca,5.3,1.5
comestible,fétido,marrón,nudoso,escamosa,rosa,angosta,ahusada,canela,evanescente,dos,marrón,numerosa,desechos,no,blanco,seca,6.9,5.2
comestible,pescado,rojo,nudoso,lisa,marrón,angosta,agrandada,blanco,grande,ninguno,negro,varias,desechos,sí,marrón,seca,7.4,3.6
venenoso,pescado,marrón,campana,fibrosa,rojo,ancha,agrandada,marrón,evanescente,ninguno,morado,solitaria,pastizal,no,blanco,húmeda,7.1,6.7
venenoso,almendra,verde,nudoso,fibrosa,negro,ancha,agrandada,blanco,grande,dos,verde,varias,hojas,no,blanco,viscosa,7.4,5.7
venenoso,mohoso,marrón,plano,fibrosa,blanco,angosta,ahusada,marrón,ninguno,ninguno,verde,varias,desechos,sí,blanco,viscosa,3.7,8.2
venenoso,fétido,marrón,nudoso,fibrosa,marrón,angosta,ahusada,marrón,grande,uno,verde,dispersa,senderos,no,blanco,viscosa,5.8,7.6
comestible,almendra,amarillo,hundido,lisa,negro,ancha,agrandada,rosa,colgante,uno,blanco,dispersa,senderos,sí,marrón,seca,5.1,6.1
comestible,ninguno,canela,convexo,fibrosa,blanco,angosta,agrandada,blanco,evanescente,dos,morado,abundante,urbano,sí,marrón,viscosa,2.7,6.3
venenoso,almendra,rosa,cónico,fibrosa,morado,ancha,ahusada,gris,colgante,uno,marrón,varias,bosque,no,blanco,seca,4.5,6.9
venenoso,fétido,blanco,cónico,escamosa,negro,ancha,ahusada,rosa,evanescente,dos,café,varias,urbano,no,blanco,seca,4.3,7.2
venenoso,creosota,blanco,cónico,lisa,marrón,ancha,ahusada,gris,grande,dos,verde,varias,pastizal,no,marrón,seca,6.8,1.0
comestible,ninguno,marrón,plano,estriada,verde,angosta,agrandada,blanco,grande,uno,blanco,agrupada,hojas,sí,naranja,húmeda,6.4,6.2
comestible,pescado,rosa,nudoso,escamosa,rosa,ancha,agrandada,blanco,evanescente,uno,marrón,agrupada,urbano,sí,blanco,seca,6.7,8.5
comestible,almendra,verde,campana,fibrosa,gris,angosta,ahusada,blanco,grande,uno,morado,agrupada,urbano,sí,naranja,seca,5.2,2.4
comestible,almendra,rojo,cónico,lisa,marrón,angosta,ahusada,canela,evanescente,uno,morado,agrupada,senderos,sí,marrón,seca,9.5,4.9
venenoso,creosota,gris,nudoso,fibrosa,morado,ancha,agrandada,marrón,colgante,ninguno,verde,solitaria,urbano,sí,marrón,húmeda,7.6,5.5
venenoso,almendra,marrón,nudoso,escamosa,verde,angosta,agrandada,rosa,ninguno,dos,verde,dispersa,hojas,sí,naranja,viscosa,5.3,6.6
comestible,almendra,canela,cónico,fibrosa,verde,ancha,ahusada,marrón,colgante,uno,morado,numerosa,urbano,sí,blanco,húmeda,4.8,7.5
comestible,fétido,marrón,campana,lisa,rojo,ancha,ahusada,rosa,colgante,uno,café,abundante,senderos,no,blanco,húmeda,6.7,6.5
venenoso,anís,verde,plano,lisa,gris,ancha,ahusada,marrón,grande,dos,verde,varias,urbano,no,marrón,húmeda,8.9,5.7
venenoso,mohoso,marrón,convexo,lisa,blanco,angosta,ahusada,marrón,ninguno,dos,negro,dispersa,senderos,sí,blanco,viscosa,5.3,8.5
venenoso,mohoso,marrón,plano,fibrosa,gris,ancha,ahusada,canela,evanescente,dos,marrón,varias,urbano,no,blanco,viscosa,4.6,1.0
comestible,anís,gris,campana,lisa,rojo,ancha,agrandada,marrón,ninguno,uno,verde,solitaria,hojas,no,marrón,húmeda,7.3,11.0
venenoso,mohoso,verde,hundido,lisa,verde,angosta,ahusada,marrón,grande,dos,morado,solitaria,pastizal,no,naranja,viscosa,3.7,6.6
comestible,almendra,gris,convexo,fibrosa,morado,angosta,ahusada,blanco,ninguno,uno,verde,numerosa,desechos,no,marrón,viscosa,4.3,7.1
venenoso,mohoso,canela,campana,escamosa,blanco,angosta,agrandada,blanco,colgante,ninguno,negro,numerosa,hojas,sí,blanco,húmeda,6.9,6.9
venenoso,creosota,blanco,cónico,fibrosa,gris,angosta,ahusada,rosa,evanescente,dos,verde,agrupada,pastizal,no,blanco,viscosa,5.2,7.3
venenoso,picante,marrón,campana,estriada,rojo,angosta,agrandada,marrón,colgante,dos,marrón,agrupada,bosque,no,naranja,viscosa,6.6,6.9
venenoso,anís,gris,convexo,lisa,marrón,angosta,agrandada,canela,ninguno,ninguno,café,varias,bosque,sí,marrón,viscosa,8.8,5.8
venenoso,creosota,rojo,cónico,estriada,blanco,angosta,agrandada,gris,evanescente,uno,morado,solitaria,desechos,sí,marrón,seca,6.2,6.9
comestible,ninguno,rosa,campana,escamosa,verde,angosta,agrandada,rosa,colgante,dos,negro,numerosa,bosque,sí,blanco,húmeda,6.2,5.6
comestible,anís,gris,plano,escamosa,gris,angosta,ahusada,marrón,ninguno,uno,verde,abundante,urbano,no,marrón,húmeda,8.0,5.6
comestible,almendra,amarillo,campana,fibrosa,blanco,ancha,ahusada,canela,evanescente,uno,negro,varias,desechos,sí,naranja,húmeda,1.0,7.3
comestible,fétido,canela,cónico,estriada,rosa,ancha,agrandada,marrón,grande,ninguno,blanco,solitaria,pastizal,no,marrón,viscosa,4.1,6.7
comestible,picante,canela,cónico,escamosa,rosa,ancha,agrandada,canela,evanescente,ninguno,marrón,agrupada,desechos,no,marrón,seca,3.4,2.4
venenoso,pescado,marrón,hundido,escamosa,gris,angosta,agrandada,blanco,ninguno,ninguno,morado,varias,senderos,sí,naranja,seca,3.2,3.6
venenoso,pescado,rosa,hundido,lisa,morado,angosta,ahusada,blanco,grande,uno,morado,abundante,hojas,sí,blanco,húmeda,3.0,8.0
venenoso,ninguno,amarillo,cónico,lisa,rojo,ancha,agrandada,rosa,colgante,uno,verde,varias,pastizal,sí,marrón,viscosa,7.3,4.5
comestible,ninguno,blanco,hundido,lisa,blanco,angosta,ahusada,blanco,colgante,ninguno,marrón,solitaria,hojas,no,naranja,seca,7.3,4.7
venenoso,pescado,rosa,campana,escamosa,negro,ancha,ahusada,canela,evanescente,dos,café,varias,senderos,no,blanco,húmeda,4.1,8.4
comestible,picante,marrón,campana,lisa,rojo,angosta,ahusada,marrón,colgante,ninguno,marrón,solitaria,senderos,sí,blanco,viscosa,6.2,9.0
comestible,anís,rojo,plano,lisa,marrón,angosta,agrandada,canela,colgante,dos,verde,numerosa,pastizal,sí,naranja,viscosa,6.6,9.5
venenoso,fétido,rojo,hundido,fibrosa,morado,ancha,ahusada,rosa,evanescente,uno,negro,dispersa,urbano,sí,marrón,húmeda,1.9,12.9
comestible,anís,marrón,nudoso,lisa,verde,angosta,ahusada,rosa,ninguno,dos,negro,numerosa,desechos,sí,naranja,seca,6.1,11.5
comestible,ninguno,rosa,convexo,estriada,verde,ancha,ahusada,gris,colgante,uno,blanco,varias,desechos,sí,marrón,seca,6.6,3.5
venenoso,pescado,rojo,campana,estriada,negro,ancha,agrandada,marrón,evanescente,uno,marrón,solitaria,pastizal,sí,blanco,húmeda,7.7,2.8
comestible,almendra,verde,campana,estriada,verde,angosta,agrandada,rosa,evanescente,ninguno,café,solitaria,urbano,no,naranja,viscosa,4.3,8.2
comestible,almendra,rojo,plano,estriada,rosa,ancha,agrandada,canela,evanescente,dos,marrón,solitaria,urbano,no,naranja,seca,5.9,9.0
venenoso,fétido,marrón,nudoso,fibrosa,gris,angosta,ahusada,rosa,colgante,ninguno,marrón,abundante,urbano,sí,marrón,húmeda,11.4,9.1
comestible,anís,rosa,plano,escamosa,verde,ancha,ahusada,canela,evanescente,uno,blanco,dispersa,desechos,no,marrón,seca,7.7,7.4
comestible,ninguno,rojo,plano,escamosa,rojo,ancha,agrandada,canela,grande,uno,morado,agrupada,pastizal,no,naranja,húmeda,1.0,7.0
venenoso,almendra,verde,plano,fibrosa,blanco,ancha,agrandada,rosa,colgante,uno,verde,dispersa,pastizal,sí,naranja,viscosa,6.5,8.5
venenoso,fétido,verde,convexo,fibrosa,negro,angosta,agrandada,marrón,colgante,uno,blanco,solitaria,pastizal,sí,naranja,seca,6.3,8.1
venenoso,picante,marrón,plano,escamosa,rojo,ancha,ahusada,gris,ninguno,dos,marrón,solitaria,desechos,no,naranja,seca,9.1,7.9
venenoso,ninguno,canela,hundido,fibrosa,verde,angosta,agrandada,marrón,evanescente,ninguno,morado,numerosa,bosque,no,naranja,viscosa,7.6,6.0
comestible,almendra,verde,cónico,lisa,verde,ancha,ahusada,rosa,grande,ninguno,negro,solitaria,urbano,no,marrón,seca,3.1,3.6
venenoso,mohoso,verde,plano,lisa,rojo,ancha,agrandada,blanco,colgante,ninguno,morado,varias,bosque,sí,blanco,húmeda,5.6,7.2
venenoso,mohoso,amarillo,campana,escamosa,verde,angosta,ahusada,blanco,ninguno,ninguno,negro,numerosa,bosque,sí,marrón,seca,3.1,5.2
venenoso,pescado,canela,campana,estriada,verde,angosta,agrandada,gris,colgante,dos,marrón,varias,hojas,no,naranja,húmeda,5.4,10.1
comestible,mohoso,blanco,cónico,fibrosa,rojo,ancha,agrandada,gris,grande,dos,café,agrupada,desechos,no,marrón,seca,7.3,6.8
venenoso,picante,blanco,cónico,fibrosa,morado,ancha,ahusada,gris,colgante,dos,morado,abundante,bosque,no,marrón,seca,7.0,6.5
venenoso,mohoso,rosa,hundido,fibrosa,morado,ancha,ahusada,marrón,grande,uno,café,varias,senderos,sí,naranja,seca,7.6,7.7
comestible,picante,rosa,hundido,escamosa,marrón,angosta,ahusada,blanco,colgante,dos,café,abundante,senderos,no,blanco,húmeda,9.9,2.5
comestible,ninguno,canela,convexo,lisa,gris,angosta,ahusada,blanco,colgante,dos,morado,solitaria,pastizal,no,blanco,seca,7.9,6.0
comestible,almendra,canela,campana,escamosa,marrón,ancha,ahusada,marrón,colgante,dos,blanco,dispersa,pastizal,sí,marrón,húmeda,4.2,7.5
venenoso,pescado,marrón,plano,lisa,morado,ancha,ahusada,blanco,colgante,ninguno,marrón,dispersa,bosque,no,naranja,seca,7.0,6.7
venenoso,pescado,canela,convexo,estriada,blanco,angosta,agrandada,canela,evanescente,uno,café,numerosa,hojas,no,blanco,viscosa,7.5,3.1
venenoso,anís,rosa,nudoso,estriada,morado,angosta,agrandada,canela,grande,dos,marrón,solitaria,bosque,no,marrón,seca,7.8,4.2
comestible,almendra,canela,cónico,fibrosa,rosa,ancha,agrandada,rosa,ninguno,dos,negro,agrupada,pastizal,sí,marrón,húmeda,6.1,9.0
venenoso,mohoso,rojo,convexo,lisa,gris,ancha,ahusada,rosa,grande,uno,café,agrupada,urbano,no,naranja,viscosa,5.0,5.1
venenoso,pescado,blanco,plano,fibrosa,gris,angosta,ahusada,blanco,grande,dos,marrón,agrupada,hojas,sí,blanco,húmeda,6.4,7.1
venenoso,mohoso,rosa,plano,estriada,rosa,ancha,agrandada,rosa,evanescente,ninguno,negro,abundante,bosque,no,marrón,viscosa,8.7,8.8
comestible,picante,amarillo,convexo,fibrosa,marrón,ancha,ahusada,canela,ninguno,ninguno,blanco,varias,senderos,no,naranja,viscosa,8.1,6.0
venenoso,anís,verde,hundido,lisa,morado,ancha,agrandada,rosa,evanescente,dos,blanco,varias,hojas,sí,naranja,húmeda,3.6,8.0
comestible,almendra,verde,campana,fibrosa,negro,ancha,agrandada,rosa,evanescente,uno,blanco,agrupada,desechos,no,naranja,seca,5.6,2.0
comestible,almendra,verde,convexo,fibrosa,morado,angosta,agrandada,gris,ninguno,uno,morado,varias,senderos,sí,marrón,seca,6.6,3.8
venenoso,pescado,gris,hundido,lisa,gris,ancha,agrandada,marrón,grande,dos,morado,dispersa,urbano,sí,marrón,seca,6.4,5.9
venenoso,mohoso,canela,convexo,fibrosa,blanco,ancha,ahusada,gris,evanescente,uno,morado,solitaria,desechos,no,blanco,viscosa,4.0,9.5
venenoso,pescado,canela,convexo,escamosa,blanco,ancha,agrandada,rosa,colgante,dos,negro,solitaria,bosque,no,blanco,viscosa,8.0,13.1
comestible,almendra,marrón,cónico,lisa,blanco,angosta,ahusada,gris,colgante,dos,morado,numerosa,senderos,no,blanco,seca,6.3,6.0
venenoso,anís,gris,cónico,estriada,blanco,angosta,ahusada,canela,evanescente,uno,café,numerosa,bosque,no,blanco,húmeda,6.9,5.8
comestible,ninguno,rosa,convexo,estriada,rosa,ancha,agrandada,canela,evanescente,ninguno,morado,agrupada,pastizal,no,blanco,viscosa,4.4,7.4
venenoso,creosota,rojo,nudoso,escamosa,rojo,ancha,agrandada,canela,colgante,uno,marrón,solitaria,hojas,sí,blanco,húmeda,3.3,6.2
venenoso,anís,canela,plano,lisa,blanco,angosta,agrandada,marrón,ninguno,dos,morado,abundante,bosque,no,blanco,viscosa,8.5,5.1
venenoso,picante,verde,plano,lisa,negro,angosta,ahusada,blanco,colgante,uno,verde,dispersa,urbano,sí,naranja,viscosa,9.9,10.2
venenoso,pescado,verde,nudoso,fibrosa,negro,ancha,agrandada,rosa,grande,ninguno,café,varias,pastizal,sí,marrón,húmeda,3.1,3.8
comestible,ninguno,marrón,nudoso,estriada,morado,angosta,ahusada,marrón,colgante,uno,negro,numerosa,urbano,sí,blanco,húmeda,3.0,4.7
venenoso,mohoso,marrón,nudoso,fibrosa,negro,ancha,ahusada,canela,grande,ninguno,morado,dispersa,senderos,sí,blanco,húmeda,5.1,6.2
venenoso,picante,verde,hundido,estriada,negro,ancha,agrandada,rosa,evanescente,ninguno,blanco,varias,hojas,sí,marrón,húmeda,4.7,6.3
comestible,almendra,amarillo,cónico,escamosa,negro,angosta,ahusada,gris,ninguno,ninguno,marrón,abundante,hojas,sí,marrón,seca,8.2,7.5
comestible,pescado,blanco,plano,escamosa,morado,ancha,agrandada,canela,ninguno,uno,marrón,solitaria,bosque,no,blanco,viscosa,8.5,6.5
venenoso,picante,blanco,campana,escamosa,rosa,angosta,agrandada,marrón,ninguno,uno,marrón,varias,bosque,no,marrón,seca,5.3,8.9
venenoso,mohoso,canela,nudoso,estriada,rojo,ancha,ahusada,marrón,ninguno,ninguno,verde,agrupada,urbano,no,marrón,viscosa,5.5,1.5
comestible,almendra,marrón,campana,lisa,rosa,angosta,ahusada,blanco,evanescente,dos,morado,varias,urbano,no,marrón,seca,6.6,5.3
comestible,picante,canela,hundido,escamosa,negro,ancha,ahusada,canela,evanescente,dos,blanco,dispersa,urbano,no,naranja,seca,8.7,6.2
comestible,picante,gris,convexo,lisa,gris,angosta,ahusada,blanco,grande,ninguno,blanco,agrupada,pastizal,sí,blanco,húmeda,6.3,8.6
venenoso,fétido,marrón,nudoso,lisa,verde,angosta,ahusada,marrón,colgante,uno,morado,dispersa,pastizal,sí,blanco,húmeda,6.0,4.8
venenoso,mohoso,rojo,nudoso,escamosa,blanco,ancha,agrandada,gris,colgante,ninguno,marrón,agrupada,hojas,sí,marrón,húmeda,6.2,11.2
venenoso,fétido,gris,hundido,lisa,verde,angosta,ahusada,blanco,grande,ninguno,negro,numerosa,pastizal,sí,marrón,viscosa,9.5,7.2
comestible,almendra,blanco,convexo,escamosa,marrón,angosta,agrandada,gris,grande,dos,negro,varias,pastizal,sí,marrón,húmeda,7.1,7.2
comestible,ninguno,canela,nudoso,lisa,rojo,ancha,agrandada,marrón,evanescente,uno,blanco,agrupada,desechos,no,blanco,seca,8.3,7.3
venenoso,picante,gris,campana,estriada,blanco,angosta,agrandada,canela,ninguno,dos,negro,varias,hojas,no,naranja,húmeda,7.9,6.9
comestible,anís,verde,campana,escamosa,gris,ancha,ahusada,gris,colgante,dos,marrón,numerosa,pastizal,sí,naranja,húmeda,7.4,5.5
comestible,ninguno,amarillo,hundido,estriada,blanco,angosta,agrandada,canela,grande,uno,blanco,numerosa,hojas,no,naranja,húmeda,7.4,6.7
comestible,mohoso,amarillo,plano,escamosa,gris,ancha,agrandada,gris,colgante,ninguno,negro,varias,desechos,no,marrón,húmeda,6.3,12.4
comestible,anís,gris,cónico,estriada,gris,angosta,ahusada,canela,evanescente,ninguno,negro,abundante,senderos,no,blanco,viscosa,9.0,8.0
comestible,fétido,rosa,cónico,fibrosa,rojo,ancha,ahusada,gris,grande,ninguno,café,dispersa,desechos,no,marrón,viscosa,8.4,9.6
comestible,ninguno,verde,convexo,estriada,morado,angosta,agrandada,gris,evanescente,dos,blanco,solitaria,senderos,no,blanco,seca,5.2,12.2
venenoso,creosota,verde,campana,lisa,rosa,ancha,agrandada,blanco,colgante,uno,marrón,abundante,hojas,sí,marrón,húmeda,7.5,7.2
venenoso,fétido,gris,hundido,fibrosa,rojo,angosta,ahusada,canela,colgante,ninguno,blanco,abundante,pastizal,no,naranja,húmeda,3.9,1.3
venenoso,anís,rojo,convexo,fibrosa,gris,ancha,agrandada,blanco,colgante,ninguno,blanco,numerosa,bosque,sí,blanco,viscosa,4.5,5.3
comestible,ninguno,marrón,cónico,escamosa,morado,ancha,agrandada,blanco,ninguno,dos,blanco,numerosa,pastizal,no,blanco,húmeda,4.3,9.7
comestible,ninguno,gris,convexo,estriada,verde,angosta,agrandada,gris,grande,ninguno,blanco,agrupada,desechos,no,marrón,seca,8.2,6.7
venenoso,fétido,gris,plano,fibrosa,rosa,ancha,agrandada,rosa,colgante,ninguno,marrón,solitaria,hojas,no,marrón,viscosa,8.9,5.2
venenoso,almendra,rojo,hundido,fibrosa,negro,ancha,agrandada,blanco,evanescente,uno,café,agrupada,bosque,no,blanco,húmeda,6.8,6.4
comestible,anís,canela,nudoso,fibrosa,rojo,ancha,agrandada,rosa,colgante,uno,blanco,agrupada,pastizal,sí,marrón,viscosa,5.4,7.0
venenoso,picante,marrón,hundido,fibrosa,rosa,angosta,agrandada,blanco,ninguno,uno,morado,abundante,hojas,sí,naranja,viscosa,2.3,6.1
comestible,ninguno,rosa,cónico,fibrosa,blanco,angosta,agrandada,gris,colgante,ninguno,verde,abundante,senderos,sí,marrón,viscosa,7.8,5.8
comestible,picante,amarillo,hundido,lisa,rosa,ancha,ahusada,gris,grande,dos,café,agrupada,bosque,sí,marrón,húmeda,5.6,9.4
venenoso,fétido,rosa,hundido,estriada,gris,angosta,ahusada,gris,grande,ninguno,verde,agrupada,senderos,sí,naranja,viscosa,5.9,10.9
venenoso,fétido,blanco,nudoso,fibrosa,negro,angosta,ahusada,rosa,evanescente,dos,negro,agrupada,pastizal,no,marrón,húmeda,5.9,3.9
venenoso,anís,rosa,campana,fibrosa,marrón,ancha,agrandada,blanco,ninguno,dos,negro,dispersa,bosque,no,blanco,viscosa,7.7,7.7
venenoso,fétido,amarillo,convexo,fibrosa,rosa,ancha,agrandada,marrón,colgante,dos,verde,solitaria,desechos,sí,naranja,húmeda,2.1,6.0
venenoso,pescado,marrón,plano,fibrosa,morado,ancha,agrandada,rosa,ninguno,dos,morado,solitaria,pastizal,no,marrón,seca,8.0,6.9
venenoso,ninguno,canela,cónico,fibrosa,rosa,angosta,ahusada,marrón,colgante,uno,verde,varias,senderos,sí,blanco,seca,5.7,2.0
comestible,almendra,blanco,nudoso,lisa,rojo,ancha,agrandada,blanco,evanescente,uno,negro,abundante,pastizal,sí,naranja,viscosa,3.8,7.3
comestible,ninguno,rosa,cónico,escamosa,marrón,angosta,ahusada,blanco,ninguno,dos,café,solitaria,pastizal,sí,naranja,viscosa,2.6,3.6
comestible,anís,gris,nudoso,lisa,negro,angosta,agrandada,rosa,ninguno,ninguno,marrón,abundante,bosque,no,naranja,viscosa,6.9,7.1
venenoso,pescado,verde,plano,estriada,gris,ancha,ahusada,gris,ninguno,uno,negro,agrupada,urbano,sí,blanco,seca,4.4,9.4
venenoso,ninguno,verde,nudoso,lisa,negro,ancha,ahusada,gris,evanescente,dos,morado,varias,urbano,no,marrón,viscosa,11.5,3.1
comestible,almendra,rojo,cónico,lisa,verde,ancha,ahusada,rosa,evanescente,ninguno,morado,dispersa,desechos,no,naranja,húmeda,5.1,11.3
comestible,ninguno,verde,hundido,lisa,rojo,ancha,ahusada,canela,grande,dos,negro,agrupada,hojas,no,marrón,viscosa,4.4,11.7
venenoso,pescado,verde,campana,lisa,gris,ancha,ahusada,blanco,ninguno,dos,blanco,abundante,bosque,no,blanco,seca,2.1,8.7
venenoso,mohoso,blanco,cónico,lisa,blanco,ancha,agrandada,gris,grande,ninguno,café,agrupada,bosque,no,blanco,seca,2.7,5.7
comestible,almendra,marrón,convexo,escamosa,negro,angosta,ahusada,blanco,evanescente,ninguno,blanco,solitaria,urbano,no,naranja,seca,4.0,3.5
venenoso,fétido,marrón,campana,estriada,rojo,ancha,ahusada,gris,ninguno,uno,verde,abundante,hojas,no,blanco,viscosa,7.4,4.9
venenoso,ninguno,canela,campana,escamosa,gris,ancha,agrandada,canela,evanescente,ninguno,morado,agrupada,hojas,no,naranja,viscosa,6.1,4.1
venenoso,fétido,verde,convexo,fibrosa,verde,angosta,agrandada,rosa,colgante,dos,café,numerosa,bosque,sí,marrón,seca,4.1,8.3
comestible,anís,amarillo,campana,estriada,rosa,ancha,agrandada,marrón,ninguno,uno,café,varias,pastizal,sí,blanco,seca,4.1,7.1
comestible,ninguno,rojo,nudoso,lisa,gris,ancha,agrandada,rosa,evanescente,ninguno,marrón,numerosa,pastizal,sí,blanco,viscosa,3.5,6.3
comestible,anís,rojo,campana,lisa,rojo,ancha,agrandada,canela,colgante,uno,verde,solitaria,pastizal,sí,marrón,seca,6.6,8.7
comestible,almendra,amarillo,nudoso,lisa,verde,ancha,agrandada,gris,grande,dos,blanco,agrupada,pastizal,no,naranja,seca,3.1,11.7
venenoso,picante,rojo,hundido,estriada,marrón,ancha,ahusada,rosa,ninguno,ninguno,verde,dispersa,urbano,no,marrón,viscosa,4.2,10.9
venenoso,pescado,rosa,campana,estriada,blanco,angosta,agrandada,marrón,colgante,dos,morado,agrupada,senderos,sí,naranja,seca,8.6,6.3
comestible,almendra,gris,campana,fibrosa,rosa,ancha,agrandada,marrón,evanescente,ninguno,negro,solitaria,senderos,no,naranja,seca,8.5,4.5
comestible,pescado,rojo,hundido,lisa,negro,angosta,agrandada,rosa,ninguno,ninguno,blanco,dispersa,urbano,sí,blanco,seca,6.7,9.7
comestible,ninguno,gris,nudoso,fibrosa,rosa,ancha,agrandada,blanco,ninguno,ninguno,café,varias,urbano,no,naranja,viscosa,1.0,7.8
venenoso,pescado,blanco,hundido,escamosa,blanco,angosta,ahusada,marrón,ninguno,dos,morado,varias,pastizal,no,blanco,seca,6.4,7.5
comestible,mohoso,canela,nudoso,fibrosa,gris,ancha,ahusada,gris,evanescente,ninguno,negro,abundante,desechos,sí,blanco,seca,7.0,12.0
venenoso,anís,verde,cónico,lisa,marrón,ancha,ahusada,marrón,ninguno,ninguno,verde,dispersa,bosque,no,blanco,seca,8.4,8.0
comestible,creosota,blanco,convexo,estriada,blanco,angosta,agrandada,marrón,grande,uno,marrón,solitaria,urbano,sí,naranja,húmeda,8.5,12.6
venenoso,pescado,rosa,nudoso,escamosa,negro,angosta,ahusada,canela,grande,uno,marrón,varias,desechos,sí,blanco,seca,6.7,8.1
venenoso,creosota,verde,campana,estriada,negro,angosta,ahusada,gris,grande,dos,marrón,numerosa,bosque,no,marrón,seca,4.4,12.3
comestible,almendra,canela,cónico,estriada,rojo,angosta,agrandada,canela,colgante,dos,negro,abundante,desechos,sí,naranja,seca,5.8,6.1
venenoso,creosota,canela,nudoso,estriada,blanco,angosta,agrandada,rosa,colgante,dos,café,dispersa,bosque,sí,naranja,seca,7.9,10.0
comestible,ninguno,canela,cónico,fibrosa,blanco,ancha,agrandada,gris,evanescente,ninguno,blanco,varias,urbano,sí,marrón,seca,4.0,8.3
comestible,pescado,rosa,nudoso,fibrosa,morado,angosta,agrandada,canela,grande,ninguno,blanco,solitaria,pastizal,no,naranja,seca,8.3,4.9
venenoso,mohoso,canela,hundido,estriada,negro,ancha,agrandada,blanco,ninguno,uno,negro,agrupada,bosque,no,blanco,seca,4.1,6.4
comestible,ninguno,marrón,nudoso,escamosa,gris,angosta,agrandada,marrón,ninguno,ninguno,morado,numerosa,desechos,no,marrón,seca,3.6,5.5
venenoso,fétido,blanco,plano,lisa,rojo,angosta,ahusada,canela,grande,uno,blanco,numerosa,hojas,sí,naranja,seca,7.7,9.4
venenoso,pescado,rosa,hundido,fibrosa,negro,angosta,agrandada,blanco,grande,ninguno,verde,agrupada,bosque,no,blanco,viscosa,4.7,8.3
comestible,picante,amarillo,cónico,lisa,morado,ancha,agrandada,canela,ninguno,ninguno,café,numerosa,senderos,sí,naranja,viscosa,9.3,8.0
venenoso,fétido,amarillo,nudoso,estriada,negro,ancha,ahusada,gris,ninguno,dos,marrón,numerosa,senderos,sí,naranja,viscosa,5.8,4.3
venenoso,pescado,gris,campana,fibrosa,gris,angosta,agrandada,gris,grande,dos,marrón,solitaria,urbano,no,marrón,viscosa,4.6,2.3
venenoso,fétido,gris,convexo,lisa,marrón,angosta,agrandada,canela,ninguno,dos,café,agrupada,pastizal,no,naranja,seca,5.7,4.8
comestible,picante,verde,plano,escamosa,rojo,ancha,ahusada,marrón,colgante,dos,negro,solitaria,senderos,sí,blanco,húmeda,7.2,4.2
venenoso,fétido,rosa,convexo,estriada,marrón,ancha,ahusada,blanco,colgante,ninguno,morado,agrupada,desechos,no,blanco,seca,8.6,6.4
venenoso,picante,gris,nudoso,lisa,negro,ancha,ahusada,marrón,colgante,dos,morado,varias,hojas,sí,naranja,seca,8.3,10.7
venenoso,mohoso,rosa,nudoso,lisa,gris,angosta,agrandada,canela,colgante,ninguno,café,agrupada,senderos,sí,naranja,húmeda,8.2,5.6
comestible,ninguno,verde,plano,fibrosa,rosa,angosta,agrandada,rosa,evanescente,uno,verde,varias,desechos,sí,blanco,seca,3.1,5.3
comestible,almendra,amarillo,campana,escamosa,rosa,angosta,ahusada,blanco,colgante,dos,morado,solitaria,pastizal,sí,naranja,seca,7.4,8.1
venenoso,creosota,rosa,campana,escamosa,rosa,angosta,agrandada,blanco,colgante,dos,negro,varias,senderos,sí,marrón,seca,4.9,7.5
venenoso,picante,rosa,cónico,lisa,gris,ancha,ahusada,gris,grande,dos,marrón,varias,bosque,no,blanco,seca,4.0,6.4
venenoso,picante,rosa,campana,escamosa,gris,angosta,ahusada,blanco,evanescente,uno,morado,abundante,hojas,no,naranja,húmeda,4.7,8.0
venenoso,mohoso,marrón,hundido,estriada,negro,angosta,ahusada,blanco,grande,dos,verde,dispersa,senderos,no,naranja,viscosa,6.4,4.3
venenoso,picante,rosa,cónico,escamosa,rojo,angosta,agrandada,gris,ninguno,uno,verde,dispersa,bosque,no,marrón,húmeda,3.5,3.6
comestible,picante,canela,convexo,fibrosa,marrón,ancha,ahusada,canela,evanescente,uno,marrón,dispersa,senderos,sí,marrón,húmeda,5.2,7.6
venenoso,mohoso,verde,convexo,estriada,morado,ancha,ahusada,canela,colgante,uno,morado,abundante,senderos,sí,naranja,viscosa,6.4,5.9
comestible,ninguno,amarillo,hundido,estriada,blanco,angosta,agrandada,rosa,grande,dos,morado,varias,desechos,sí,blanco,viscosa,3.8,4.4
venenoso,picante,rojo,convexo,escamosa,negro,ancha,agrandada,blanco,colgante,ninguno,morado,varias,senderos,no,naranja,seca,5.6,4.7
venenoso,almendra,rojo,campana,estriada,blanco,ancha,ahusada,rosa,ninguno,dos,morado,abundante,hojas,no,marrón,seca,5.9,5.7
comestible,ninguno,rosa,cónico,lisa,negro,ancha,agrandada,blanco,ninguno,ninguno,verde,solitaria,desechos,no,marrón,húmeda,5.7,7.8
comestible,creosota,canela,nudoso,escamosa,verde,ancha,ahusada,marrón,grande,dos,negro,solitaria,pastizal,sí,marrón,húmeda,5.3,8.9
venenoso,creosota,rosa,hundido,lisa,verde,ancha,ahusada,rosa,evanescente,ninguno,morado,numerosa,desechos,no,naranja,seca,3.6,7.1
venenoso,almendra,gris,nudoso,escamosa,gris,ancha,agrandada,rosa,grande,uno,blanco,varias,desechos,sí,blanco,viscosa,8.0,3.8
venenoso,picante,amarillo,convexo,lisa,marrón,ancha,ahusada,marrón,grande,dos,blanco,dispersa,hojas,sí,blanco,húmeda,6.6,5.6
comestible,anís,canela,campana,escamosa,rojo,angosta,ahusada,gris,ninguno,uno,negro,numerosa,desechos,no,blanco,húmeda,10.1,5.0
venenoso,ninguno,canela,cónico,lisa,morado,angosta,ahusada,gris,ninguno,uno,morado,agrupada,hojas,sí,naranja,húmeda,3.1,5.8
venenoso,fétido,gris,nudoso,escamosa,rojo,angosta,ahusada,rosa,evanescente,ninguno,marrón,varias,desechos,sí,naranja,seca,5.4,5.8
venenoso,picante,rosa,campana,fibrosa,rojo,angosta,ahusada,marrón,grande,dos,café,dispersa,pastizal,sí,marrón,seca,5.7,6.6
venenoso,mohoso,rojo,nudoso,estriada,rosa,ancha,agrandada,gris,grande,dos,morado,dispersa,desechos,no,marrón,viscosa,6.0,6.1
comestible,almendra,marrón,convexo,lisa,negro,angosta,ahusada,canela,grande,dos,blanco,abundante,urbano,no,marrón,húmeda,6.5,11.3
venenoso,anís,blanco,plano,fibrosa,marrón,angosta,agrandada,gris,colgante,dos,verde,abundante,bosque,sí,naranja,húmeda,5.7,9.7
venenoso,fétido,canela,hundido,escamosa,rosa,angosta,agrandada,gris,evanescente,dos,verde,abundante,hojas,no,naranja,húmeda,3.5,8.1
comestible,anís,marrón,nudoso,lisa,rojo,angosta,agrandada,marrón,ninguno,uno,morado,solitaria,pastizal,no,naranja,húmeda,4.2,9.0
comestible,mohoso,rosa,hundido,fibrosa,blanco,ancha,agrandada,gris,ninguno,dos,café,solitaria,bosque,sí,naranja,húmeda,11.4,9.0
venenoso,fétido,canela,nudoso,fibrosa,blanco,angosta,agrandada,blanco,ninguno,uno,verde,numerosa,hojas,no,marrón,seca,7.9,10.4
venenoso,fétido,verde,convexo,estriada,blanco,ancha,agrandada,blanco,grande,dos,café,agrupada,bosque,sí,naranja,viscosa,7.1,4.8
comestible,creosota,rojo,hundido,escamosa,marrón,ancha,agrandada,blanco,ninguno,ninguno,café,solitaria,senderos,sí,marrón,viscosa,5.8,7.2
comestible,pescado,marrón,cónico,estriada,blanco,ancha,agrandada,gris,ninguno,uno,negro,abundante,bosque,no,blanco,viscosa,5.2,8.8
comestible,ninguno,canela,plano,fibrosa,rojo,ancha,agrandada,canela,ninguno,uno,negro,dispersa,desechos,no,naranja,húmeda,2.7,4.4
venenoso,fétido,canela,hundido,fibrosa,rojo,angosta,ahusada,rosa,colgante,uno,marrón,numerosa,bosque,sí,blanco,húmeda,5.6,4.7
venenoso,anís,rosa,campana,lisa,morado,angosta,ahusada,gris,grande,ninguno,café,varias,bosque,no,blanco,húmeda,2.3,8.5
venenoso,creosota,gris,nudoso,lisa,morado,ancha,agrandada,blanco,evanescente,dos,verde,abundante,pastizal,no,naranja,viscosa,5.1,10.7
venenoso,creosota,canela,nudoso,estriada,rojo,ancha,agrandada,canela,evanescente,uno,verde,agrupada,bosque,sí,blanco,húmeda,2.5,4.7
comestible,pescado,rojo,convexo,estriada,morado,angosta,ahusada,gris,evanescente,uno,negro,agrupada,desechos,no,blanco,húmeda,5.2,5.0
comestible,pescado,canela,plano,escamosa,morado,angosta,agrandada,gris,colgante,ninguno,café,abundante,senderos,sí,marrón,húmeda,7.2,13.4
venenoso,mohoso,blanco,campana,fibrosa,negro,angosta,agrandada,blanco,grande,dos,marrón,solitaria,senderos,no,naranja,viscosa,7.4,7.8
comestible,pescado,amarillo,hundido,fibrosa,gris,angosta,ahusada,marrón,grande,ninguno,marrón,solitaria,urbano,no,marrón,seca,6.0,6.0
venenoso,fétido,amarillo,nudoso,lisa,blanco,ancha,ahusada,rosa,grande,dos,café,agrupada,desechos,sí,marrón,húmeda,6.2,6.1
comestible,anís,rojo,cónico,estriada,morado,ancha,ahusada,blanco,evanescente,ninguno,morado,solitaria,senderos,sí,marrón,seca,5.7,7.3
venenoso,creosota,rosa,nudoso,lisa,verde,ancha,ahusada,canela,ninguno,uno,verde,agrupada,urbano,sí,naranja,viscosa,8.1,3.0
comestible,anís,canela,cónico,fibrosa,negro,ancha,ahusada,gris,colgante,dos,negro,agrupada,urbano,no,blanco,húmeda,9.2,6.8
venenoso,mohoso,gris,hundido,lisa,blanco,ancha,agrandada,blanco,colgante,uno,café,varias,senderos,sí,marrón,húmeda,4.6,6.8
venenoso,pescado,marrón,convexo,lisa,verde,angosta,ahusada,rosa,grande,dos,morado,numerosa,hojas,no,blanco,seca,4.6,7.3
comestible,almendra,amarillo,hundido,fibrosa,rosa,ancha,ahusada,canela,evanescente,dos,café,numerosa,urbano,no,naranja,seca,6.2,5.3
comestible,mohoso,rosa,hundido,fibrosa,verde,angosta,agrandada,canela,ninguno,uno,negro,solitaria,desechos,sí,blanco,húmeda,1.2,7.5
comestible,almendra,rojo,convexo,estriada,marrón,angosta,agrandada,gris,colgante,dos,morado,abundante,senderos,sí,blanco,húmeda,7.5,7.6
venenoso,fétido,rojo,convexo,fibrosa,gris,angosta,ahusada,blanco,ninguno,dos,negro,solitaria,pastizal,sí,blanco,seca,5.4,3.0
venenoso,mohoso,verde,convexo,fibrosa,gris,ancha,ahusada,blanco,evanescente,ninguno,negro,dispersa,urbano,no,blanco,húmeda,4.4,4.6
venenoso,picante,blanco,campana,lisa,blanco,angosta,agrandada,canela,grande,ninguno,blanco,abundante,senderos,no,naranja,húmeda,7.7,1.0
venenoso,mohoso,amarillo,cónico,estriada,rosa,angosta,agrandada,rosa,ninguno,uno,negro,agrupada,hojas,no,blanco,húmeda,6.7,7.3
venenoso,fétido,canela,plano,fibrosa,blanco,angosta,agrandada,canela,ninguno,uno,verde,agrupada,desechos,no,blanco,seca,7.4,6.9
comestible,ninguno,canela,hundido,fibrosa,morado,ancha,agrandada,rosa,colgante,dos,blanco,solitaria,urbano,no,marrón,húmeda,6.9,5.2
venenoso,pescado,canela,hundido,fibrosa,gris,ancha,ahusada,rosa,colgante,dos,blanco,agrupada,desechos,sí,blanco,seca,8.4,6.6
comestible,ninguno,gris,nudoso,escamosa,marrón,angosta,ahusada,blanco,grande,ninguno,morado,varias,hojas,no,blanco,viscosa,5.6,5.0
comestible,ninguno,rosa,plano,fibrosa,verde,angosta,agrandada,gris,evanescente,ninguno,blanco,dispersa,desechos,sí,marrón,húmeda,6.6,9.6
comestible,creosota,rosa,plano,fibrosa,rosa,angosta,agrandada,canela,ninguno,dos,café,solitaria,urbano,sí,blanco,viscosa,9.4,4.8
comestible,picante,gris,campana,fibrosa,rosa,ancha,agrandada,canela,ninguno,dos,marrón,numerosa,urbano,sí,blanco,húmeda,2.0,6.7
venenoso,picante,verde,nudoso,estriada,morado,angosta,ahusada,rosa,evanescente,ninguno,blanco,solitaria,urbano,sí,blanco,húmeda,3.4,9.5
comestible,creosota,blanco,plano,estriada,morado,ancha,agrandada,marrón,ninguno,ninguno,marrón,varias,pastizal,sí,naranja,viscosa,7.6,6.5
comestible,ninguno,blanco,campana,fibrosa,verde,ancha,agrandada,marrón,ninguno,dos,verde,agrupada,senderos,sí,marrón,húmeda,5.9,9.6
venenoso,fétido,marrón,plano,fibrosa,morado,ancha,agrandada,canela,ninguno,uno,negro,agrupada,bosque,sí,marrón,húmeda,6.0,3.7
comestible,ninguno,canela,hundido,fibrosa,rosa,angosta,agrandada,rosa,evanescente,dos,marrón,agrupada,urbano,no,blanco,seca,6.8,7.1
comestible,ninguno,rojo,convexo,escamosa,marrón,ancha,ahusada,canela,colgante,ninguno,negro,dispersa,senderos,sí,blanco,seca,2.1,6.9
venenoso,mohoso,gris,convexo,estriada,blanco,angosta,ahusada,gris,evanescente,uno,blanco,agrupada,urbano,sí,blanco,viscosa,7.0,6.7
comestible,anís,rojo,hundido,estriada,blanco,angosta,ahusada,marrón,grande,uno,negro,varias,senderos,sí,naranja,viscosa,6.1,3.2
venenoso,picante,canela,cónico,escamosa,rosa,ancha,ahusada,rosa,ninguno,dos,marrón,dispersa,senderos,sí,blanco,viscosa,6.8,4.1
venenoso,fétido,verde,nudoso,escamosa,gris,ancha,ahusada,blanco,colgante,uno,marrón,abundante,urbano,no,marrón,viscosa,4.8,6.6
venenoso,mohoso,amarillo,campana,lisa,verde,angosta,ahusada,blanco,ninguno,uno,morado,dispersa,urbano,sí,blanco,viscosa,6.8,9.1
comestible,ninguno,marrón,cónico,estriada,gris,ancha,ahusada,rosa,colgante,dos,verde,abundante,pastizal,no,blanco,seca,8.3,9.6
comestible,creosota,amarillo,convexo,fibrosa,negro,angosta,ahusada,marrón,colgante,dos,blanco,varias,hojas,sí,marrón,seca,5.9,7.5
comestible,almendra,amarillo,convexo,escamosa,verde,angosta,agrandada,marrón,ninguno,dos,negro,dispersa,desechos,no,blanco,viscosa,7.5,6.9
comestible,ninguno,verde,campana,lisa,rosa,ancha,ahusada,marrón,grande,uno,marrón,abundante,urbano,no,naranja,viscosa,6.3,6.5
venenoso,picante,verde,hundido,fibrosa,gris,ancha,agrandada,blanco,ninguno,dos,blanco,varias,urbano,sí,naranja,viscosa,1.8,10.3
venenoso,picante,gris,campana,lisa,rojo,angosta,ahusada,marrón,evanescente,uno,café,varias,desechos,sí,blanco,viscosa,5.3,6.9
comestible,anís,marrón,hundido,estriada,negro,angosta,ahusada,marrón,colgante,uno,negro,dispersa,desechos,sí,marrón,seca,6.9,5.5
venenoso,creosota,verde,nudoso,estriada,rojo,angosta,ahusada,canela,ninguno,uno,café,dispersa,urbano,no,blanco,viscosa,8.2,6.2
venenoso,fétido,amarillo,hundido,escamosa,rosa,ancha,ahusada,rosa,grande,ninguno,morado,solitaria,bosque,no,naranja,húmeda,5.5,4.4
venenoso,mohoso,blanco,hundido,estriada,blanco,angosta,ahusada,rosa,evanescente,uno,verde,agrupada,desechos,sí,blanco,viscosa,3.8,4.4
venenoso,mohoso,amarillo,hundido,lisa,rosa,angosta,agrandada,blanco,evanescente,uno,café,varias,desechos,sí,marrón,húmeda,6.1,5.2
comestible,pescado,verde,nudoso,estriada,morado,ancha,agrandada,gris,evanescente,ninguno,blanco,solitaria,bosque,sí,naranja,húmeda,6.9,8.4
comestible,creosota,rosa,convexo,estriada,gris,ancha,agrandada,marrón,grande,dos,café,varias,senderos,no,naranja,húmeda,3.7,3.3
comestible,pescado,blanco,campana,fibrosa,verde,ancha,ahusada,gris,evanescente,uno,café,solitaria,bosque,no,blanco,viscosa,3.6,6.0
comestible,fétido,canela,plano,escamosa,rosa,ancha,agrandada,blanco,colgante,uno,marrón,abundante,senderos,sí,blanco,viscosa,4.2,5.8
comestible,fétido,rojo,convexo,lisa,verde,ancha,ahusada,gris,ninguno,uno,negro,agrupada,urbano,no,marrón,viscosa,6.9,7.8
comestible,anís,canela,plano,fibrosa,gris,ancha,ahusada,blanco,grande,dos,café,varias,bosque,sí,blanco,húmeda,8.2,7.7
venenoso,fétido,amarillo,cónico,lisa,morado,angosta,ahusada,marrón,evanescente,ninguno,morado,abundante,senderos,no,naranja,seca,7.5,6.0
venenoso,fétido,amarillo,campana,estriada,verde,ancha,agrandada,marrón,grande,uno,verde,varias,desechos,sí,marrón,húmeda,3.1,7.8
comestible,anís,rojo,campana,escamosa,marrón,ancha,agrandada,blanco,ninguno,ninguno,café,varias,urbano,sí,naranja,húmeda,8.9,1.5
venenoso,creosota,gris,plano,fibrosa,negro,angosta,ahusada,gris,evanescente,ninguno,verde,dispersa,bosque,sí,naranja,seca,8.6,10.5
comestible,ninguno,rojo,plano,estriada,marrón,ancha,agrandada,rosa,ninguno,ninguno,morado,numerosa,urbano,no,blanco,viscosa,4.4,7.6
comestible,pescado,gris,plano,lisa,rojo,ancha,ahusada,gris,ninguno,ninguno,verde,abundante,desechos,sí,marrón,húmeda,3.4,4.4
venenoso,creosota,blanco,nudoso,estriada,verde,ancha,agrandada,rosa,ninguno,ninguno,blanco,varias,senderos,no,naranja,húmeda,6.2,6.3
comestible,ninguno,amarillo,plano,escamosa,marrón,ancha,agrandada,marrón,colgante,uno,negro,solitaria,senderos,sí,blanco,viscosa,8.6,4.6
venenoso,fétido,marrón,hundido,lisa,rojo,angosta,agrandada,canela,colgante,uno,negro,abundante,bosque,no,marrón,seca,5.0,6.9
venenoso,anís,marrón,cónico,estriada,marrón,angosta,agrandada,rosa,evanescente,uno,verde,solitaria,hojas,no,naranja,viscosa,4.6,5.3
comestible,picante,rosa,plano,estriada,rojo,angosta,agrandada,marrón,evanescente,ninguno,negro,dispersa,desechos,sí,naranja,seca,5.1,8.7
venenoso,pescado,canela,cónico,estriada,rosa,ancha,agrandada,blanco,ninguno,ninguno,verde,solitaria,senderos,no,blanco,húmeda,5.2,11.0
venenoso,pescado,gris,plano,estriada,blanco,ancha,ahusada,gris,evanescente,ninguno,verde,solitaria,bosque,no,naranja,seca,5.2,8.7
comestible,ninguno,verde,plano,escamosa,blanco,ancha,ahusada,marrón,colgante,ninguno,café,varias,urbano,sí,marrón,seca,2.5,6.9
comestible,anís,rojo,campana,escamosa,rojo,angosta,ahusada,gris,grande,dos,verde,dispersa,urbano,sí,marrón,seca,10.2,5.9
comestible,pescado,marrón,convexo,lisa,rojo,ancha,ahusada,blanco,ninguno,ninguno,blanco,dispersa,hojas,sí,marrón,húmeda,6.6,10.7
comestible,anís,canela,plano,lisa,marrón,angosta,agrandada,marrón,evanescente,ninguno,marrón,solitaria,desechos,sí,naranja,húmeda,2.8,2.8
comestible,anís,marrón,plano,fibrosa,rosa,ancha,ahusada,rosa,ninguno,uno,blanco,varias,pastizal,sí,blanco,seca,4.1,7.3
venenoso,fétido,amarillo,convexo,fibrosa,marrón,ancha,agrandada,rosa,colgante,ninguno,negro,varias,hojas,sí,naranja,húmeda,5.6,6.1
comestible,ninguno,canela,hundido,estriada,blanco,ancha,agrandada,blanco,evanescente,uno,verde,abundante,pastizal,no,marrón,seca,7.9,9.3
comestible,pescado,canela,plano,estriada,morado,angosta,ahusada,gris,ninguno,uno,blanco,solitaria,desechos,sí,marrón,viscosa,1.0,7.4
venenoso,picante,verde,convexo,fibrosa,gris,angosta,ahusada,rosa,evanescente,uno,morado,numerosa,hojas,sí,marrón,seca,8.8,7.6
venenoso,mohoso,canela,nudoso,estriada,blanco,ancha,ahusada,canela,colgante,uno,negro,agrupada,senderos,sí,blanco,seca,7.0,6.3
comestible,ninguno,canela,plano,escamosa,negro,ancha,ahusada,rosa,grande,dos,negro,numerosa,urbano,no,naranja,húmeda,3.0,9.9
venenoso,ninguno,gris,nudoso,escamosa,morado,angosta,ahusada,canela,evanescente,uno,verde,dispersa,urbano,sí,marrón,seca,4.7,4.6
venenoso,mohoso,rosa,plano,fibrosa,morado,angosta,agrandada,marrón,colgante,uno,morado,numerosa,urbano,sí,blanco,húmeda,7.7,5.1
comestible,ninguno,canela,campana,estriada,blanco,ancha,ahusada,canela,ninguno,uno,negro,solitaria,pastizal,no,marrón,seca,4.5,8.8
comestible,fétido,canela,campana,escamosa,rosa,angosta,ahusada,canela,colgante,uno,verde,varias,bosque,no,marrón,seca,8.4,11.0
comestible,mohoso,gris,nudoso,escamosa,marrón,ancha,agrandada,blanco,ninguno,ninguno,marrón,solitaria,urbano,no,naranja,seca,5.9,2.7
comestible,ninguno,canela,cónico,lisa,rosa,angosta,agrandada,rosa,colgante,ninguno,negro,solitaria,desechos,no,naranja,seca,7.7,1.8
comestible,pescado,gris,convexo,estriada,marrón,ancha,ahusada,marrón,ninguno,uno,negro,numerosa,bosque,sí,marrón,seca,3.7,3.2
comestible,almendra,blanco,hundido,fibrosa,gris,angosta,ahusada,canela,evanescente,uno,negro,solitaria,senderos,no,naranja,seca,5.9,9.5
comestible,ninguno,canela,campana,fibrosa,gris,angosta,ahusada,rosa,colgante,dos,marrón,agrupada,senderos,no,naranja,viscosa,7.1,8.1
comestible,creosota,rojo,convexo,fibrosa,verde,ancha,ahusada,gris,colgante,dos,café,agrupada,pastizal,sí,marrón,húmeda,7.3,3.5
comestible,creosota,rosa,cónico,estriada,blanco,ancha,ahusada,rosa,evanescente,ninguno,marrón,dispersa,desechos,sí,blanco,viscosa,7.3,2.7
comestible,almendra,canela,convexo,fibrosa,marrón,angosta,agrandada,canela,ninguno,uno,marrón,varias,urbano,sí,naranja,seca,4.5,10.6
comestible,almendra,amarillo,convexo,lisa,blanco,ancha,agrandada,gris,grande,ninguno,café,agrupada,senderos,sí,marrón,húmeda,6.4,3.1
venenoso,pescado,blanco,plano,fibrosa,negro,angosta,agrandada,canela,colgante,ninguno,café,varias,urbano,sí,marrón,húmeda,9.5,14.0
comestible,pescado,blanco,hundido,estriada,blanco,ancha,ahusada,marrón,colgante,uno,marrón,varias,bosque,no,naranja,viscosa,3.9,9.6
comestible,almendra,canela,plano,lisa,verde,angosta,ahusada,marrón,grande,uno,verde,solitaria,hojas,no,blanco,viscosa,8.5,12.1
venenoso,anís,amarillo,nudoso,lisa,rojo,ancha,ahusada,gris,ninguno,uno,verde,abundante,hojas,sí,blanco,viscosa,3.5,10.2
comestible,anís,amarillo,plano,lisa,rosa,ancha,agrandada,rosa,ninguno,ninguno,marrón,varias,desechos,sí,naranja,húmeda,4.8,7.9
comestible,almendra,gris,convexo,fibrosa,negro,angosta,agrandada,marrón,grande,dos,morado,dispersa,hojas,no,blanco,seca,5.1,7.7
venenoso,picante,canela,hundido,estriada,rosa,ancha,ahusada,canela,ninguno,uno,blanco,dispersa,hojas,sí,marrón,seca,3.3,8.0
comestible,ninguno,rojo,cónico,lisa,rojo,angosta,ahusada,blanco,ninguno,uno,café,solitaria,desechos,sí,naranja,húmeda,2.9,9.0
venenoso,pescado,rosa,cónico,escamosa,negro,ancha,agrandada,rosa,colgante,uno,morado,varias,senderos,no,marrón,seca,4.6,5.0
venenoso,pescado,marrón,plano,fibrosa,rosa,angosta,ahusada,marrón,ninguno,ninguno,morado,abundante,senderos,no,naranja,húmeda,5.6,8.5
comestible,ninguno,blanco,nudoso,escamosa,negro,ancha,ahusada,rosa,ninguno,dos,negro,dispersa,bosque,no,naranja,viscosa,5.0,8.1
venenoso,creosota,amarillo,convexo,escamosa,negro,ancha,agrandada,marrón,evanescente,uno,verde,solitaria,hojas,no,blanco,seca,3.3,9.1
comestible,anís,rosa,plano,estriada,negro,ancha,ahusada,canela,evanescente,uno,verde,numerosa,pastizal,no,marrón,seca,8.4,6.5
comestible,almendra,rosa,cónico,fibrosa,morado,angosta,ahusada,marrón,evanescente,dos,negro,abundante,pastizal,no,marrón,viscosa,4.6,4.8
venenoso,fétido,gris,cónico,lisa,verde,angosta,ahusada,rosa,evanescente,uno,negro,varias,bosque,no,marrón,húmeda,4.7,10.7
venenoso,pescado,verde,cónico,estriada,blanco,ancha,ahusada,blanco,colgante,dos,café,varias,hojas,no,marrón,viscosa,8.4,8.7
venenoso,anís,rosa,cónico,estriada,negro,ancha,ahusada,canela,colgante,dos,morado,numerosa,senderos,sí,blanco,húmeda,6.8,9.0
comestible,fétido,amarillo,hundido,lisa,morado,ancha,ahusada,blanco,ninguno,ninguno,marrón,numerosa,bosque,no,naranja,viscosa,8.0,7.6
comestible,ninguno,canela,hundido,lisa,morado,angosta,agrandada,canela,grande,uno,morado,numerosa,desechos,sí,naranja,húmeda,5.9,6.1
comestible,anís,marrón,plano,escamosa,verde,angosta,agrandada,rosa,ninguno,ninguno,negro,varias,bosque,sí,blanco,viscosa,7.2,7.0
comestible,mohoso,rosa,cónico,fibrosa,rosa,ancha,ahusada,rosa,evanescente,uno,marrón,varias,desechos,sí,marrón,viscosa,8.4,2.8
venenoso,almendra,rojo,campana,estriada,verde,ancha,agrandada,rosa,evanescente,ninguno,café,numerosa,pastizal,sí,naranja,húmeda,2.5,2.6
venenoso,anís,amarillo,cónico,escamosa,morado,ancha,agrandada,gris,ninguno,uno,morado,dispersa,hojas,no,blanco,viscosa,2.5,6.0
comestible,fétido,blanco,convexo,lisa,blanco,ancha,agrandada,marrón,evanescente,ninguno,negro,agrupada,bosque,sí,naranja,viscosa,8.7,7.4
comestible,almendra,rojo,convexo,fibrosa,verde,angosta,ahusada,gris,ninguno,uno,verde,agrupada,urbano,no,blanco,húmeda,6.7,6.3
venenoso,fétido,verde,hundido,escamosa,rosa,ancha,ahusada,blanco,grande,uno,marrón,varias,desechos,sí,marrón,húmeda,4.6,9.1
comestible,pescado,blanco,cónico,lisa,rojo,angosta,ahusada,gris,grande,dos,marrón,dispersa,urbano,no,marrón,seca,7.2,10.6
comestible,picante,rojo,nudoso,escamosa,rojo,angosta,ahusada,gris,colgante,dos,negro,abundante,desechos,sí,naranja,húmeda,8.7,4.1
venenoso,picante,gris,cónico,estriada,marrón,ancha,ahusada,gris,grande,uno,verde,dispersa,bosque,sí,marrón,húmeda,7.5,7.3
comestible,picante,rosa,cónico,escamosa,blanco,angosta,agrandada,canela,colgante,dos,blanco,numerosa,urbano,no,marrón,seca,4.0,5.7
comestible,ninguno,rosa,plano,fibrosa,rosa,ancha,ahusada,blanco,ninguno,ninguno,negro,agrupada,pastizal,no,blanco,seca,9.1,7.6
venenoso,creosota,blanco,campana,fibrosa,negro,angosta,agrandada,marrón,colgante,ninguno,verde,abundante,senderos,no,marrón,seca,5.6,8.2
comestible,ninguno,verde,plano,lisa,verde,ancha,ahusada,blanco,evanescente,dos,morado,agrupada,bosque,sí,marrón,viscosa,7.6,3.9
comestible,anís,rosa,plano,fibrosa,blanco,angosta,ahusada,marrón,colgante,dos,negro,varias,pastizal,no,blanco,húmeda,6.4,7.0
venenoso,pescado,amarillo,campana,estriada,negro,angosta,ahusada,gris,ninguno,ninguno,morado,agrupada,senderos,no,blanco,húmeda,6.8,5.8
comestible,almendra,verde,plano,lisa,gris,ancha,ahusada,gris,ninguno,ninguno,café,abundante,senderos,sí,naranja,viscosa,6.1,9.3
comestible,creosota,marrón,hundido,escamosa,verde,ancha,agrandada,blanco,ninguno,ninguno,café,solitaria,hojas,no,marrón,húmeda,7.7,10.3
venenoso,pescado,amarillo,cónico,lisa,negro,ancha,ahusada,marrón,colgante,ninguno,verde,abundante,desechos,no,marrón,viscosa,6.9,11.3
comestible,almendra,gris,convexo,estriada,gris,angosta,agrandada,gris,grande,dos,marrón,varias,hojas,no,marrón,húmeda,7.3,8.9
venenoso,creosota,marrón,plano,fibrosa,gris,ancha,ahusada,blanco,grande,uno,verde,numerosa,pastizal,no,blanco,húmeda,5.6,8.9
comestible,anís,verde,plano,estriada,rojo,ancha,agrandada,rosa,evanescente,ninguno,blanco,agrupada,hojas,no,marrón,húmeda,5.7,8.2
comestible,picante,canela,campana,fibrosa,negro,angosta,agrandada,rosa,colgante,uno,marrón,abundante,desechos,sí,naranja,seca,5.6,6.2
venenoso,picante,gris,hundido,lisa,negro,angosta,agrandada,gris,ninguno,dos,morado,varias,pastizal,no,marrón,húmeda,1.0,8.4
venenoso,picante,marrón,plano,lisa,rosa,angosta,ahusada,rosa,evanescente,uno,café,varias,pastizal,sí,blanco,seca,7.0,3.4
comestible,almendra,canela,nudoso,estriada,rosa,ancha,agrandada,marrón,grande,uno,negro,varias,hojas,no,blanco,húmeda,3.4,6.4
comestible,ninguno,rosa,convexo,estriada,rojo,angosta,agrandada,gris,evanescente,dos,marrón,abundante,desechos,sí,marrón,viscosa,3.6,4.5
venenoso,mohoso,blanco,cónico,escamosa,gris,angosta,ahusada,blanco,ninguno,uno,café,abundante,bosque,no,blanco,seca,7.6,4.3
venenoso,mohoso,verde,convexo,escamosa,blanco,ancha,ahusada,blanco,evanescente,ninguno,morado,numerosa,pastizal,no,blanco,viscosa,7.5,11.0
venenoso,fétido,rojo,nudoso,estriada,verde,ancha,agrandada,marrón,evanescente,dos,negro,dispersa,pastizal,no,naranja,húmeda,7.2,2.9
venenoso,picante,rojo,cónico,fibrosa,rojo,ancha,ahusada,gris,grande,dos,café,varias,bosque,sí,marrón,seca,5.2,5.7
comestible,anís,gris,convexo,escamosa,rosa,ancha,ahusada,blanco,colgante,ninguno,negro,dispersa,senderos,sí,blanco,viscosa,7.4,1.0
comestible,anís,verde,cónico,escamosa,negro,ancha,agrandada,marrón,colgante,dos,marrón,varias,desechos,no,naranja,viscosa,2.8,6.3
venenoso,creosota,rosa,convexo,fibrosa,gris,angosta,ahusada,gris,evanescente,dos,verde,dispersa,urbano,no,naranja,viscosa,8.7,12.2
venenoso,picante,verde,campana,lisa,rosa,ancha,ahusada,blanco,colgante,dos,café,dispersa,hojas,no,blanco,viscosa,5.2,9.8
comestible,anís,blanco,cónico,estriada,morado,angosta,ahusada,canela,grande,ninguno,blanco,solitaria,bosque,no,marrón,viscosa,6.2,2.7
comestible,ninguno,gris,convexo,lisa,morado,ancha,agrandada,blanco,evanescente,uno,marrón,abundante,bosque,no,marrón,viscosa,6.4,6.1
comestible,ninguno,verde,convexo,escamosa,morado,ancha,ahusada,marrón,evanescente,uno,marrón,abundante,bosque,no,naranja,húmeda,7.2,3.7
venenoso,creosota,blanco,nudoso,estriada,rosa,angosta,ahusada,marrón,ninguno,uno,blanco,varias,urbano,no,blanco,seca,5.9,10.0
venenoso,picante,canela,plano,fibrosa,rojo,angosta,ahusada,rosa,ninguno,ninguno,verde,abundante,hojas,sí,blanco,viscosa,5.4,10.0
venenoso,fétido,blanco,cónico,estriada,rojo,angosta,agrandada,marrón,colgante,dos,negro,abundante,bosque,sí,blanco,húmeda,8.2,6.4
venenoso,picante,verde,cónico,escamosa,rojo,ancha,ahusada,gris,ninguno,dos,marrón,solitaria,pastizal,no,naranja,viscosa,5.6,6.5
venenoso,anís,canela,plano,estriada,gris,ancha,ahusada,canela,ninguno,ninguno,verde,numerosa,bosque,sí,naranja,viscosa,7.4,10.9
venenoso,mohoso,gris,plano,fibrosa,rojo,ancha,ahusada,canela,ninguno,dos,morado,abundante,senderos,no,naranja,viscosa,7.7,7.4
venenoso,picante,amarillo,campana,fibrosa,marrón,ancha,agrandada,marrón,grande,ninguno,verde,varias,hojas,sí,marrón,seca,9.6,8.0
comestible,ninguno,amarillo,plano,fibrosa,gris,angosta,agrandada,rosa,grande,uno,marrón,dispersa,desechos,sí,naranja,seca,7.9,5.8
venenoso,ninguno,amarillo,convexo,estriada,blanco,angosta,agrandada,blanco,colgante,uno,morado,varias,pastizal,sí,blanco,seca,7.3,6.6
venenoso,anís,rosa,convexo,fibrosa,rosa,ancha,agrandada,blanco,ninguno,ninguno,café,numerosa,hojas,no,naranja,viscosa,8.2,5.7
comestible,ninguno,gris,campana,escamosa,rosa,angosta,agrandada,gris,ninguno,uno,marrón,varias,senderos,sí,marrón,húmeda,6.0,7.2
venenoso,anís,blanco,hundido,lisa,morado,angosta,ahusada,rosa,grande,uno,morado,numerosa,bosque,sí,naranja,húmeda,6.8,7.0
venenoso,creosota,verde,convexo,estriada,morado,ancha,ahusada,marrón,evanescente,ninguno,blanco,solitaria,urbano,sí,marrón,viscosa,6.6,6.5
venenoso,anís,blanco,hundido,estriada,negro,ancha,ahusada,rosa,colgante,uno,morado,dispersa,urbano,sí,naranja,seca,6.5,3.6
comestible,almendra,verde,cónico,estriada,morado,angosta,ahusada,blanco,colgante,ninguno,café,dispersa,hojas,sí,marrón,húmeda,2.8,10.1
venenoso,fétido,rosa,campana,lisa,verde,angosta,ahusada,gris,grande,uno,marrón,solitaria,senderos,no,marrón,húmeda,5.9,8.2
comestible,creosota,verde,cónico,estriada,verde,ancha,ahusada,gris,ninguno,dos,blanco,dispersa,pastizal,sí,marrón,seca,4.5,6.7
comestible,fétido,verde,plano,escamosa,verde,angosta,ahusada,rosa,grande,dos,café,abundante,pastizal,sí,marrón,húmeda,2.0,5.3
venenoso,creosota,rosa,campana,lisa,negro,ancha,agrandada,gris,grande,dos,café,numerosa,urbano,no,marrón,seca,7.5,5.4
comestible,anís,canela,nudoso,fibrosa,blanco,ancha,agrandada,rosa,colgante,uno,blanco,varias,senderos,sí,blanco,viscosa,6.2,9.5
venenoso,anís,marrón,convexo,fibrosa,negro,angosta,ahusada,blanco,evanescente,ninguno,verde,numerosa,urbano,sí,blanco,húmeda,8.4,6.0
comestible,creosota,rosa,campana,escamosa,morado,angosta,agrandada,canela,ninguno,ninguno,café,agrupada,senderos,no,marrón,viscosa,9.0,1.9
comestible,ninguno,verde,hundido,fibrosa,verde,angosta,agrandada,gris,grande,dos,café,agrupada,senderos,no,blanco,viscosa,6.5,5.3
comestible,ninguno,canela,convexo,escamosa,marrón,ancha,ahusada,canela,colgante,uno,verde,solitaria,pastizal,sí,marrón,húmeda,5.1,5.3
venenoso,picante,blanco,campana,lisa,marrón,angosta,agrandada,rosa,ninguno,dos,negro,abundante,bosque,no,marrón,húmeda,2.7,6.3
venenoso,pescado,rosa,hundido,fibrosa,verde,ancha,agrandada,rosa,grande,dos,café,abundante,bosque,no,naranja,viscosa,11.2,9.2
venenoso,picante,rojo,nudoso,escamosa,marrón,ancha,ahusada,gris,grande,dos,café,dispersa,bosque,sí,naranja,seca,8.1,8.9
comestible,ninguno,canela,cónico,estriada,marrón,angosta,ahusada,canela,evanescente,uno,verde,agrupada,hojas,sí,blanco,seca,4.0,9.7
comestible,anís,rosa,convexo,lisa,negro,angosta,agrandada,blanco,ninguno,dos,marrón,dispersa,desechos,sí,blanco,seca,6.6,9.1
venenoso,picante,gris,campana,escamosa,morado,ancha,agrandada,canela,colgante,ninguno,blanco,dispersa,pastizal,no,blanco,húmeda,6.3,8.5
comestible,ninguno,canela,nudoso,lisa,blanco,ancha,ahusada,gris,grande,ninguno,café,solitaria,urbano,sí,marrón,seca,8.2,7.6
comestible,anís,amarillo,hundido,fibrosa,negro,ancha,ahusada,blanco,grande,ninguno,morado,dispersa,desechos,no,naranja,seca,6.6,7.5
venenoso,ninguno,gris,nudoso,estriada,blanco,angosta,agrandada,rosa,grande,dos,verde,dispersa,bosque,no,naranja,viscosa,2.3,9.0
comestible,mohoso,verde,hundido,fibrosa,negro,angosta,agrandada,canela,colgante,uno,negro,agrupada,pastizal,no,marrón,viscosa,4.1,3.6
comestible,pescado,verde,plano,estriada,verde,angosta,agrandada,blanco,colgante,dos,café,abundante,senderos,no,blanco,seca,3.5,6.8
comestible,pescado,rosa,nudoso,lisa,rosa,ancha,agrandada,rosa,evanescente,ninguno,café,abundante,senderos,no,blanco,viscosa,3.9,5.7
venenoso,creosota,gris,cónico,lisa,negro,angosta,agrandada,canela,evanescente,dos,marrón,agrupada,pastizal,sí,blanco,viscosa,6.7,8.4
venenoso,mohoso,gris,hundido,escamosa,rosa,angosta,agrandada,gris,colgante,uno,verde,abundante,senderos,sí,marrón,viscosa,6.4,4.6
comestible,creosota,verde,nudoso,estriada,rosa,angosta,ahusada,canela,colgante,ninguno,marrón,agrupada,bosque,no,blanco,seca,6.3,7.8
venenoso,creosota,blanco,campana,estriada,marrón,angosta,ahusada,marrón,evanescente,ninguno,negro,dispersa,bosque,sí,blanco,húmeda,5.9,7.5
comestible,picante,rosa,plano,fibrosa,morado,angosta,ahusada,gris,grande,uno,negro,agrupada,pastizal,sí,marrón,húmeda,4.7,6.9
comestible,pescado,rojo,campana,escamosa,rojo,angosta,ahusada,blanco,evanescente,dos,café,abundante,pastizal,sí,blanco,seca,6.9,7.8
venenoso,creosota,rojo,hundido,escamosa,rojo,angosta,agrandada,blanco,colgante,uno,morado,agrupada,hojas,no,blanco,seca,4.7,8.9
venenoso,fétido,rojo,nudoso,estriada,morado,ancha,agrandada,gris,colgante,dos,morado,dispersa,pastizal,no,blanco,húmeda,5.6,6.8
venenoso,fétido,marrón,convexo,fibrosa,rojo,angosta,ahusada,rosa,ninguno,uno,verde,agrupada,senderos,no,blanco,húmeda,4.6,3.9
venenoso,almendra,canela,cónico,lisa,marrón,ancha,ahusada,canela,colgante,uno,morado,agrupada,urbano,sí,marrón,seca,4.5,1.6
venenoso,picante,canela,hundido,lisa,rosa,ancha,agrandada,marrón,ninguno,ninguno,blanco,numerosa,urbano,sí,naranja,viscosa,1.0,6.5
venenoso,ninguno,canela,hundido,estriada,blanco,angosta,ahusada,gris,grande,ninguno,morado,varias,bosque,sí,marrón,húmeda,8.3,12.2
venenoso,pescado,gris,hundido,lisa,blanco,ancha,agrandada,blanco,evanescente,ninguno,blanco,varias,bosque,sí,blanco,seca,7.1,10.0
comestible,almendra,marrón,convexo,estriada,negro,angosta,ahusada,canela,ninguno,dos,verde,dispersa,bosque,sí,marrón,húmeda,8.1,8.4
venenoso,creosota,rosa,cónico,estriada,gris,ancha,agrandada,rosa,grande,ninguno,verde,solitaria,urbano,no,marrón,húmeda,6.7,6.4
comestible,anís,gris,hundido,estriada,blanco,ancha,agrandada,marrón,ninguno,uno,café,solitaria,desechos,no,naranja,húmeda,8.0,10.4
comestible,pescado,rosa,cónico,escamosa,rosa,ancha,ahusada,rosa,evanescente,ninguno,café,numerosa,senderos,no,blanco,viscosa,4.3,4.9
venenoso,picante,gris,plano,lisa,marrón,angosta,ahusada,rosa,colgante,uno,negro,abundante,senderos,no,marrón,húmeda,1.7,7.2
venenoso,pescado,verde,hundido,escamosa,blanco,ancha,agrandada,marrón,evanescente,uno,blanco,abundante,hojas,sí,naranja,húmeda,8.8,5.7
comestible,mohoso,blanco,convexo,fibrosa,verde,angosta,ahusada,marrón,evanescente,uno,marrón,solitaria,bosque,sí,marrón,seca,8.9,3.4
venenoso,mohoso,blanco,nudoso,estriada,rosa,ancha,agrandada,marrón,colgante,ninguno,verde,dispersa,desechos,sí,blanco,húmeda,1.5,8.1
comestible,anís,marrón,cónico,fibrosa,gris,ancha,agrandada,canela,colgante,dos,marrón,solitaria,bosque,no,blanco,viscosa,9.5,2.0
venenoso,fétido,rojo,plano,fibrosa,marrón,ancha,ahusada,marrón,ninguno,ninguno,morado,solitaria,senderos,no,marrón,viscosa,8.5,3.1
comestible,almendra,marrón,convexo,escamosa,negro,ancha,ahusada,blanco,evanescente,dos,blanco,dispersa,bosque,no,marrón,seca,6.9,4.5
venenoso,pescado,rojo,hundido,lisa,rosa,angosta,agrandada,marrón,grande,uno,verde,agrupada,desechos,sí,marrón,húmeda,7.0,6.9
venenoso,fétido,amarillo,campana,lisa,blanco,ancha,ahusada,blanco,evanescente,dos,marrón,numerosa,urbano,no,blanco,viscosa,7.4,2.8
venenoso,mohoso,amarillo,cónico,estriada,rojo,ancha,ahusada,canela,evanescente,ninguno,verde,numerosa,pastizal,sí,marrón,viscosa,8.5,4.2
comestible,anís,rojo,convexo,escamosa,rosa,angosta,ahusada,blanco,colgante,ninguno,negro,numerosa,senderos,sí,blanco,viscosa,5.4,4.1
venenoso,anís,rojo,hundido,estriada,marrón,ancha,agrandada,marrón,evanescente,uno,morado,solitaria,pastizal,sí,marrón,húmeda,7.1,6.7
comestible,ninguno,canela,cónico,lisa,blanco,angosta,ahusada,gris,evanescente,uno,blanco,dispersa,urbano,no,marrón,seca,2.4,8.4
comestible,anís,marrón,campana,fibrosa,gris,angosta,agrandada,rosa,grande,ninguno,café,dispersa,urbano,sí,blanco,viscosa,7.2,6.5
venenoso,picante,rojo,convexo,fibrosa,rosa,ancha,ahusada,rosa,grande,dos,verde,numerosa,senderos,sí,marrón,viscosa,6.8,9.0
comestible,anís,gris,nudoso,lisa,negro,ancha,agrandada,marrón,ninguno,dos,blanco,solitaria,senderos,no,blanco,húmeda,6.3,6.0
comestible,almendra,marrón,plano,fibrosa,morado,ancha,agrandada,rosa,colgante,dos,morado,abundante,senderos,sí,naranja,seca,4.4,6.6
venenoso,pescado,canela,plano,estriada,rosa,ancha,ahusada,rosa,evanescente,dos,morado,varias,hojas,no,blanco,húmeda,2.2,6.0
venenoso,pescado,canela,campana,lisa,gris,ancha,ahusada,blanco,ninguno,uno,blanco,agrupada,hojas,no,marrón,seca,7.9,9.1
comestible,almendra,rosa,hundido,escamosa,marrón,angosta,agrandada,canela,ninguno,dos,morado,solitaria,hojas,no,naranja,seca,6.8,6.4
comestible,ninguno,rosa,plano,lisa,rosa,ancha,agrandada,canela,grande,dos,marrón,dispersa,pastizal,sí,blanco,viscosa,9.0,3.3
venenoso,picante,rojo,cónico,escamosa,rosa,ancha,ahusada,blanco,ninguno,dos,café,abundante,urbano,no,blanco,húmeda,5.3,1.9
comestible,ninguno,verde,convexo,escamosa,rosa,angosta,ahusada,gris,colgante,uno,morado,abundante,hojas,sí,marrón,viscosa,6.3,6.4
comestible,ninguno,canela,convexo,lisa,negro,angosta,agrandada,canela,colgante,ninguno,morado,dispersa,pastizal,sí,blanco,seca,9.2,6.0
venenoso,picante,rojo,hundido,escamosa,verde,ancha,ahusada,blanco,ninguno,uno,morado,solitaria,senderos,no,blanco,húmeda,6.8,8.5
comestible,anís,amarillo,hundido,lisa,marrón,ancha,ahusada,marrón,grande,uno,café,solitaria,hojas,sí,blanco,húmeda,5.3,12.1
comestible,creosota,blanco,hundido,estriada,rosa,ancha,ahusada,marrón,grande,dos,negro,varias,hojas,sí,naranja,seca,6.3,5.2
venenoso,fétido,canela,nudoso,lisa,verde,ancha,agrandada,canela,grande,dos,morado,agrupada,senderos,sí,blanco,viscosa,6.3,7.8
comestible,anís,rojo,nudoso,estriada,gris,ancha,agrandada,rosa,grande,ninguno,marrón,dispersa,urbano,sí,naranja,húmeda,2.9,4.4
comestible,ninguno,blanco,cónico,lisa,verde,angosta,agrandada,gris,ninguno,ninguno,café,dispersa,pastizal,no,naranja,seca,5.7,1.9
comestible,picante,gris,nudoso,fibrosa,verde,angosta,ahusada,canela,grande,uno,marrón,numerosa,urbano,no,blanco,seca,5.9,6.3
venenoso,pescado,rosa,hundido,estriada,morado,ancha,agrandada,blanco,ninguno,ninguno,morado,agrupada,urbano,no,marrón,viscosa,4.9,2.8
comestible,anís,rosa,nudoso,lisa,gris,angosta,agrandada,canela,grande,dos,marrón,agrupada,hojas,sí,blanco,seca,6.6,4.9
comestible,ninguno,rojo,nudoso,lisa,rojo,ancha,ahusada,rosa,evanescente,ninguno,negro,abundante,desechos,no,naranja,viscosa,4.5,4.3
venenoso,pescado,verde,nudoso,fibrosa,blanco,ancha,agrandada,canela,ninguno,dos,verde,solitaria,senderos,sí,blanco,seca,7.7,6.4
comestible,pescado,rojo,plano,escamosa,morado,angosta,agrandada,gris,grande,dos,café,varias,senderos,no,blanco,húmeda,6.2,9.6
comestible,pescado,rosa,convexo,fibrosa,gris,ancha,agrandada,gris,grande,dos,marrón,solitaria,urbano,no,marrón,húmeda,4.5,2.1
comestible,fétido,marrón,hundido,escamosa,marrón,ancha,agrandada,blanco,ninguno,ninguno,negro,abundante,hojas,no,blanco,húmeda,3.3,6.2
venenoso,anís,amarillo,campana,lisa,negro,angosta,ahusada,canela,grande,dos,marrón,varias,senderos,no,marrón,viscosa,4.0,12.6
comestible,pescado,blanco,cónico,escamosa,gris,angosta,agrandada,blanco,ninguno,uno,negro,agrupada,bosque,sí,naranja,viscosa,4.5,8.3
comestible,anís,rosa,convexo,escamosa,rojo,angosta,ahusada,gris,evanescente,dos,marrón,dispersa,pastizal,sí,blanco,viscosa,6.5,6.4
comestible,almendra,rosa,convexo,escamosa,rojo,angosta,ahusada,rosa,grande,dos,marrón,solitaria,bosque,no,naranja,húmeda,9.0,6.0
comestible,fétido,blanco,nudoso,estriada,negro,ancha,agrandada,marrón,colgante,uno,negro,solitaria,senderos,no,marrón,seca,7.6,6.7
comestible,almendra,amarillo,plano,lisa,rosa,angosta,ahusada,rosa,ninguno,uno,café,agrupada,hojas,no,naranja,húmeda,5.7,2.5
venenoso,creosota,rosa,cónico,escamosa,gris,angosta,ahusada,canela,ninguno,uno,blanco,solitaria,urbano,sí,naranja,viscosa,4.2,9.3
comestible,pescado,canela,cónico,fibrosa,verde,ancha,ahusada,canela,evanescente,ninguno,verde,solitaria,bosque,sí,naranja,seca,4.1,6.4
venenoso,creosota,blanco,hundido,estriada,blanco,ancha,agrandada,rosa,grande,uno,café,dispersa,hojas,sí,naranja,viscosa,4.4,9.1
comestible,ninguno,rosa,campana,fibrosa,rosa,ancha,ahusada,canela,ninguno,uno,morado,dispersa,hojas,no,blanco,viscosa,7.7,7.7
comestible,picante,canela,convexo,lisa,blanco,ancha,ahusada,rosa,ninguno,uno,marrón,numerosa,urbano,sí,naranja,seca,4.8,10.5
comestible,anís,rosa,campana,fibrosa,rosa,angosta,ahusada,gris,colgante,uno,verde,dispersa,pastizal,no,blanco,viscosa,6.4,4.2
venenoso,mohoso,rosa,campana,fibrosa,morado,ancha,agrandada,marrón,colgante,uno,blanco,numerosa,bosque,no,naranja,seca,6.3,10.3
comestible,anís,amarillo,nudoso,fibrosa,rosa,ancha,agrandada,gris,colgante,dos,morado,solitaria,desechos,sí,naranja,viscosa,6.7,8.8
comestible,ninguno,gris,cónico,fibrosa,gris,ancha,agrandada,marrón,ninguno,dos,marrón,agrupada,hojas,sí,marrón,seca,4.0,6.9
comestible,fétido,amarillo,plano,escamosa,rosa,ancha,ahusada,marrón,evanescente,uno,verde,abundante,bosque,no,blanco,viscosa,5.4,6.7
comestible,anís,gris,plano,lisa,rosa,ancha,agrandada,gris,ninguno,dos,marrón,varias,hojas,sí,marrón,viscosa,6.2,5.2
comestible,anís,rosa,campana,fibrosa,rosa,angosta,ahusada,canela,evanescente,ninguno,café,numerosa,senderos,no,marrón,húmeda,9.3,7.8
venenoso,picante,marrón,cónico,escamosa,rosa,ancha,ahusada,marrón,ninguno,ninguno,marrón,numerosa,bosque,no,marrón,húmeda,7.7,8.5
comestible,fétido,gris,plano,estriada,rojo,ancha,agrandada,blanco,ninguno,dos,blanco,varias,desechos,no,naranja,húmeda,8.1,2.7
venenoso,picante,rosa,campana,estriada,blanco,ancha,ahusada,rosa,evanescente,dos,verde,agrupada,hojas,sí,blanco,húmeda,2.5,8.6
venenoso,ninguno,rosa,hundido,escamosa,marrón,ancha,agrandada,gris,evanescente,dos,morado,varias,pastizal,no,naranja,seca,5.9,7.5
comestible,picante,amarillo,convexo,lisa,marrón,ancha,ahusada,canela,colgante,dos,blanco,abundante,desechos,sí,naranja,húmeda,7.3,7.8
venenoso,almendra,rojo,nudoso,fibrosa,blanco,angosta,ahusada,marrón,ninguno,uno,verde,abundante,senderos,no,naranja,húmeda,4.7,9.7
venenoso,fétido,amarillo,cónico,escamosa,verde,ancha,ahusada,marrón,colgante,ninguno,marrón,dispersa,bosque,no,marrón,húmeda,6.9,9.0
venenoso,creosota,canela,nudoso,estriada,rojo,ancha,agrandada,marrón,grande,dos,verde,agrupada,pastizal,no,blanco,húmeda,5.0,9.8
venenoso,fétido,gris,cónico,fibrosa,morado,ancha,ahusada,rosa,ninguno,ninguno,verde,dispersa,pastizal,no,naranja,seca,8.2,4.3
venenoso,almendra,blanco,hundido,fibrosa,blanco,ancha,agrandada,blanco,colgante,uno,negro,agrupada,senderos,no,marrón,viscosa,6.4,4.6
venenoso,mohoso,marrón,campana,lisa,rosa,ancha,agrandada,rosa,ninguno,uno,blanco,agrupada,desechos,no,blanco,seca,8.4,3.7
comestible,almendra,marrón,plano,fibrosa,morado,ancha,agrandada,rosa,colgante,dos,verde,numerosa,desechos,sí,marrón,seca,6.0,4.2
venenoso,fétido,amarillo,plano,lisa,rojo,ancha,agrandada,marrón,evanescente,dos,marrón,abundante,hojas,no,marrón,húmeda,3.3,6.0
comestible,almendra,gris,hundido,estriada,rosa,angosta,ahusada,canela,colgante,dos,blanco,dispersa,pastizal,no,marrón,seca,3.4,6.1
venenoso,picante,rojo,cónico,escamosa,rosa,ancha,agrandada,canela,ninguno,uno,negro,varias,pastizal,sí,blanco,húmeda,5.9,8.9
venenoso,creosota,rojo,plano,fibrosa,rojo,ancha,agrandada,marrón,grande,dos,negro,abundante,bosque,no,blanco,seca,5.1,3.6
comestible,almendra,verde,cónico,fibrosa,rosa,ancha,agrandada,rosa,ninguno,dos,marrón,numerosa,hojas,no,naranja,seca,3.3,8.9
venenoso,creosota,gris,cónico,lisa,marrón,angosta,agrandada,marrón,evanescente,ninguno,negro,dispersa,urbano,no,blanco,húmeda,3.4,5.7
venenoso,pescado,amarillo,plano,fibrosa,gris,angosta,ahusada,blanco,colgante,uno,blanco,dispersa,bosque,sí,blanco,seca,5.7,3.7
comestible,creosota,gris,plano,fibrosa,negro,angosta,ahusada,canela,colgante,uno,negro,varias,pastizal,sí,naranja,seca,8.0,9.6
venenoso,fétido,canela,plano,estriada,morado,angosta,agrandada,blanco,ninguno,dos,negro,dispersa,hojas,no,blanco,húmeda,7.6,7.4
venenoso,picante,marrón,nudoso,escamosa,verde,ancha,agrandada,marrón,evanescente,uno,verde,solitaria,desechos,no,marrón,húmeda,7.0,8.8
venenoso,picante,gris,campana,estriada,rojo,angosta,ahusada,blanco,evanescente,dos,verde,abundante,bosque,no,naranja,viscosa,7.2,6.2
venenoso,mohoso,marrón,hundido,estriada,rojo,angosta,ahusada,rosa,evanescente,uno,verde,abundante,pastizal,sí,blanco,seca,5.6,11.7
comestible,almendra,gris,cónico,fibrosa,verde,angosta,ahusada,rosa,ninguno,ninguno,negro,agrupada,urbano,no,blanco,viscosa,9.8,4.4
comestible,almendra,amarillo,hundido,estriada,morado,angosta,agrandada,blanco,grande,ninguno,morado,abundante,pastizal,no,blanco,húmeda,8.3,11.2
venenoso,mohoso,blanco,hundido,estriada,gris,ancha,ahusada,gris,grande,dos,negro,agrupada,bosque,sí,naranja,húmeda,4.2,7.2
comestible,anís,amarillo,nudoso,escamosa,gris,angosta,ahusada,gris,ninguno,ninguno,negro,numerosa,senderos,no,blanco,húmeda,7.3,5.8
venenoso,pescado,amarillo,nudoso,lisa,gris,angosta,agrandada,blanco,evanescente,dos,café,agrupada,desechos,sí,blanco,seca,7.1,9.4
venenoso,pescado,amarillo,cónico,lisa,gris,ancha,ahusada,marrón,evanescente,dos,café,abundante,senderos,sí,blanco,húmeda,3.6,4.8
comestible,creosota,gris,convexo,estriada,verde,ancha,agrandada,marrón,grande,uno,verde,varias,hojas,no,blanco,viscosa,5.1,9.1
venenoso,creosota,rosa,plano,estriada,rojo,ancha,agrandada,marrón,ninguno,ninguno,negro,agrupada,desechos,no,naranja,viscosa,8.1,6.0
comestible,almendra,gris,plano,fibrosa,gris,ancha,ahusada,canela,grande,dos,morado,dispersa,pastizal,sí,marrón,seca,6.9,6.8
comestible,ninguno,amarillo,hundido,escamosa,gris,ancha,ahusada,marrón,ninguno,uno,verde,solitaria,bosque,no,naranja,húmeda,5.7,8.0
venenoso,fétido,rosa,cónico,escamosa,rojo,ancha,agrandada,marrón,evanescente,ninguno,morado,numerosa,senderos,sí,naranja,seca,7.5,6.2
comestible,anís,canela,convexo,fibrosa,marrón,angosta,ahusada,marrón,colgante,dos,blanco,varias,bosque,sí,naranja,húmeda,2.7,12.2
comestible,ninguno,blanco,plano,escamosa,gris,ancha,ahusada,rosa,colgante,dos,marrón,solitaria,bosque,no,naranja,húmeda,7.1,4.1
venenoso,picante,verde,convexo,estriada,negro,angosta,agrandada,blanco,evanescente,ninguno,negro,agrupada,senderos,sí,naranja,húmeda,7.6,9.1
venenoso,picante,amarillo,cónico,escamosa,verde,angosta,ahusada,canela,grande,uno,café,numerosa,senderos,sí,naranja,viscosa,6.0,6.9
comestible,ninguno,verde,cónico,fibrosa,morado,angosta,agrandada,rosa,ninguno,dos,marrón,dispersa,hojas,no,marrón,húmeda,9.8,5.4
venenoso,fétido,rosa,nudoso,lisa,rojo,angosta,agrandada,canela,colgante,dos,marrón,abundante,bosque,sí,blanco,húmeda,7.7,4.9
venenoso,fétido,rosa,convexo,lisa,gris,ancha,agrandada,blanco,grande,uno,café,abundante,senderos,no,marrón,viscosa,4.3,6.2
comestible,anís,rojo,plano,lisa,rosa,angosta,agrandada,rosa,ninguno,uno,blanco,abundante,hojas,no,marrón,viscosa,6.4,7.9
venenoso,fétido,canela,convexo,lisa,verde,angosta,agrandada,gris,evanescente,dos,blanco,solitaria,pastizal,sí,marrón,seca,5.6,7.8
venenoso,pescado,verde,cónico,lisa,rosa,ancha,ahusada,marrón,colgante,ninguno,negro,numerosa,desechos,no,naranja,viscosa,7.1,10.5
comestible,almendra,marrón,cónico,estriada,marrón,angosta,agrandada,canela,ninguno,dos,marrón,varias,senderos,sí,marrón,seca,7.4,9.1
comestible,fétido,rosa,nudoso,escamosa,rojo,ancha,ahusada,marrón,grande,dos,blanco,agrupada,desechos,no,marrón,húmeda,8.9,3.5
comestible,ninguno,amarillo,hundido,estriada,rojo,angosta,agrandada,gris,ninguno,uno,café,solitaria,urbano,no,marrón,viscosa,5.7,7.2
comestible,picante,verde,convexo,fibrosa,marrón,ancha,agrandada,rosa,grande,ninguno,blanco,varias,urbano,sí,blanco,viscosa,1.0,8.1
venenoso,picante,verde,campana,fibrosa,rosa,angosta,ahusada,canela,grande,ninguno,blanco,varias,pastizal,no,naranja,seca,7.0,4.4
comestible,pescado,rosa,convexo,estriada,negro,ancha,agrandada,marrón,grande,dos,blanco,numerosa,desechos,no,blanco,húmeda,5.1,1.0
venenoso,picante,verde,nudoso,escamosa,negro,angosta,ahusada,blanco,evanescente,dos,marrón,abundante,bosque,sí,blanco,seca,5.2,9.4
venenoso,pescado,verde,campana,fibrosa,blanco,angosta,ahusada,canela,ninguno,uno,blanco,dispersa,senderos,no,naranja,húmeda,4.3,8.0
venenoso,pescado,blanco,convexo,estriada,morado,ancha,agrandada,blanco,ninguno,dos,café,varias,bosque,sí,marrón,seca,2.7,9.1
comestible,fétido,blanco,hundido,escamosa,marrón,ancha,agrandada,gris,colgante,ninguno,morado,dispersa,urbano,sí,blanco,húmeda,8.6,3.0
venenoso,mohoso,blanco,hundido,escamosa,rosa,ancha,agrandada,blanco,grande,ninguno,café,numerosa,hojas,no,naranja,viscosa,7.4,4.8
venenoso,creosota,amarillo,cónico,lisa,negro,angosta,ahusada,rosa,ninguno,dos,café,agrupada,urbano,no,blanco,seca,5.6,7.7
venenoso,mohoso,rojo,convexo,estriada,rojo,ancha,ahusada,rosa,colgante,uno,marrón,numerosa,bosque,no,naranja,húmeda,5.3,8.8
venenoso,mohoso,canela,nudoso,lisa,morado,angosta,ahusada,canela,colgante,dos,morado,varias,desechos,sí,naranja,seca,7.8,6.8
comestible,anís,canela,plano,estriada,verde,ancha,ahusada,marrón,evanescente,ninguno,blanco,varias,desechos,sí,blanco,viscosa,4.5,6.3
venenoso,picante,blanco,hundido,escamosa,blanco,ancha,agrandada,rosa,evanescente,ninguno,marrón,numerosa,senderos,no,blanco,seca,5.7,7.5
comestible,almendra,amarillo,cónico,escamosa,verde,angosta,ahusada,blanco,colgante,uno,marrón,solitaria,pastizal,sí,blanco,viscosa,6.0,4.9
comestible,anís,rosa,convexo,fibrosa,gris,ancha,agrandada,canela,colgante,ninguno,blanco,abundante,bosque,sí,marrón,húmeda,6.8,8.9
venenoso,pescado,rosa,nudoso,lisa,rojo,angosta,agrandada,gris,ninguno,ninguno,marrón,dispersa,pastizal,no,blanco,húmeda,4.8,8.0
venenoso,mohoso,blanco,hundido,escamosa,verde,angosta,ahusada,canela,ninguno,dos,verde,abundante,urbano,sí,marrón,húmeda,7.6,7.8
venenoso,creosota,rojo,convexo,lisa,rojo,ancha,agrandada,marrón,ninguno,ninguno,café,abundante,urbano,sí,blanco,seca,5.8,4.0
comestible,ninguno,amarillo,campana,escamosa,marrón,angosta,agrandada,marrón,ninguno,ninguno,café,agrupada,bosque,sí,naranja,viscosa,1.9,6.5
comestible,anís,amarillo,cónico,estriada,morado,ancha,agrandada,blanco,evanescente,ninguno,café,dispersa,hojas,sí,naranja,húmeda,8.9,6.5
comestible,fétido,canela,convexo,estriada,rosa,angosta,agrandada,marrón,evanescente,dos,café,varias,urbano,sí,naranja,seca,7.1,9.9
comestible,ninguno,blanco,convexo,escamosa,rosa,angosta,ahusada,blanco,evanescente,dos,café,varias,hojas,sí,naranja,húmeda,7.0,11.8
comestible,almendra,canela,cónico,escamosa,verde,angosta,ahusada,marrón,colgante,dos,blanco,solitaria,senderos,sí,marrón,viscosa,6.6,9.9
comestible,anís,marrón,nudoso,estriada,morado,angosta,ahusada,blanco,colgante,ninguno,negro,varias,urbano,no,naranja,viscosa,7.1,4.3
comestible,fétido,gris,nudoso,escamosa,marrón,angosta,agrandada,canela,ninguno,dos,café,varias,senderos,sí,naranja,viscosa,3.6,1.0
comestible,anís,gris,nudoso,escamosa,blanco,ancha,ahusada,canela,evanescente,dos,verde,solitaria,urbano,sí,naranja,húmeda,5.0,5.7
comestible,almendra,verde,hundido,estriada,gris,ancha,agrandada,canela,grande,ninguno,verde,numerosa,pastizal,sí,marrón,húmeda,3.1,9.3
comestible,anís,blanco,hundido,estriada,morado,angosta,agrandada,gris,ninguno,ninguno,verde,numerosa,desechos,sí,blanco,viscosa,7.9,3.5
comestible,pescado,verde,convexo,lisa,verde,ancha,agrandada,canela,ninguno,dos,blanco,numerosa,desechos,no,marrón,húmeda,5.6,7.2
venenoso,picante,rojo,campana,estriada,rojo,angosta,agrandada,canela,ninguno,dos,café,varias,hojas,sí,naranja,viscosa,5.6,5.2
venenoso,mohoso,canela,hundido,estriada,verde,angosta,agrandada,canela,grande,ninguno,morado,numerosa,hojas,no,naranja,seca,6.5,5.1
comestible,anís,rosa,plano,fibrosa,rojo,ancha,ahusada,rosa,evanescente,uno,blanco,abundante,hojas,no,naranja,seca,7.3,7.4
venenoso,fétido,canela,nudoso,estriada,verde,ancha,ahusada,marrón,ninguno,ninguno,morado,solitaria,senderos,sí,blanco,viscosa,6.8,8.6
comestible,fétido,rojo,plano,lisa,rosa,angosta,agrandada,blanco,evanescente,ninguno,marrón,varias,bosque,sí,blanco,húmeda,4.0,4.1
venenoso,mohoso,amarillo,hundido,lisa,marrón,ancha,agrandada,canela,colgante,dos,verde,varias,urbano,sí,blanco,húmeda,7.6,4.3
comestible,anís,canela,cónico,estriada,rosa,ancha,agrandada,canela,ninguno,dos,marrón,agrupada,desechos,sí,naranja,seca,6.0,6.4
comestible,creosota,rosa,hundido,estriada,blanco,ancha,ahusada,gris,evanescente,ninguno,marrón,numerosa,senderos,sí,blanco,húmeda,3.0,6.8
venenoso,anís,verde,cónico,estriada,blanco,angosta,ahusada,canela,ninguno,uno,café,solitaria,bosque,sí,naranja,viscosa,3.4,5.8
comestible,picante,rojo,nudoso,escamosa,verde,ancha,ahusada,gris,grande,uno,blanco,dispersa,urbano,no,marrón,seca,4.6,7.9
comestible,picante,marrón,plano,escamosa,blanco,ancha,ahusada,rosa,evanescente,ninguno,café,agrupada,desechos,no,marrón,viscosa,5.7,7.4
comestible,mohoso,canela,nudoso,escamosa,verde,ancha,ahusada,canela,evanescente,uno,negro,abundante,senderos,sí,naranja,seca,7.7,9.5
comestible,anís,gris,plano,estriada,rojo,ancha,agrandada,rosa,ninguno,dos,morado,agrupada,bosque,no,blanco,húmeda,4.0,5.3
comestible,ninguno,amarillo,convexo,lisa,morado,angosta,agrandada,rosa,ninguno,dos,marrón,numerosa,bosque,no,naranja,húmeda,9.0,7.9
comestible,almendra,canela,nudoso,escamosa,verde,angosta,agrandada,blanco,grande,ninguno,blanco,dispersa,hojas,sí,naranja,seca,8.0,8.1
comestible,creosota,marrón,campana,fibrosa,rosa,ancha,agrandada,canela,ninguno,ninguno,café,dispersa,pastizal,no,naranja,seca,4.2,5.8
comestible,ninguno,verde,nudoso,lisa,blanco,ancha,ahusada,marrón,evanescente,uno,blanco,varias,senderos,no,naranja,viscosa,10.0,6.5
venenoso,picante,gris,hundido,fibrosa,morado,ancha,agrandada,rosa,grande,uno,verde,dispersa,urbano,no,marrón,seca,7.0,5.6
comestible,pescado,blanco,hundido,escamosa,blanco,ancha,ahusada,rosa,evanescente,ninguno,blanco,abundante,desechos,no,blanco,seca,7.7,8.9
venenoso,fétido,verde,convexo,lisa,gris,angosta,agrandada,marrón,grande,dos,negro,dispersa,desechos,sí,blanco,seca,5.9,7.3
venenoso,fétido,rosa,campana,lisa,rosa,angosta,agrandada,gris,evanescente,uno,negro,solitaria,pastizal,no,marrón,viscosa,6.4,5.3
venenoso,mohoso,rojo,nudoso,lisa,blanco,ancha,agrandada,gris,evanescente,uno,morado,abundante,urbano,sí,naranja,seca,7.2,7.1
venenoso,picante,verde,campana,escamosa,morado,ancha,ahusada,blanco,grande,dos,verde,solitaria,pastizal,sí,marrón,viscosa,4.7,6.1
comestible,almendra,gris,hundido,lisa,blanco,ancha,ahusada,gris,colgante,ninguno,marrón,varias,hojas,sí,blanco,viscosa,5.4,10.1
comestible,ninguno,marrón,plano,estriada,blanco,ancha,agrandada,blanco,colgante,ninguno,blanco,agrupada,bosque,no,marrón,húmeda,4.7,14.3
comestible,anís,blanco,cónico,estriada,verde,ancha,agrandada,rosa,ninguno,uno,blanco,agrupada,pastizal,sí,marrón,viscosa,6.0,4.5
venenoso,creosota,gris,nudoso,escamosa,marrón,angosta,agrandada,gris,grande,ninguno,negro,abundante,urbano,no,marrón,seca,9.6,9.2
venenoso,creosota,canela,cónico,fibrosa,verde,angosta,agrandada,rosa,colgante,dos,blanco,numerosa,urbano,sí,marrón,húmeda,8.2,7.0
venenoso,fétido,verde,plano,estriada,verde,ancha,ahusada,gris,grande,dos,verde,dispersa,hojas,no,blanco,seca,6.5,7.8
comestible,creosota,verde,convexo,fibrosa,verde,angosta,ahusada,canela,evanescente,ninguno,marrón,dispersa,senderos,sí,blanco,húmeda,5.5,6.5
venenoso,ninguno,gris,convexo,fibrosa,rosa,angosta,ahusada,canela,colgante,ninguno,verde,numerosa,pastizal,sí,marrón,viscosa,5.0,8.3
venenoso,fétido,verde,hundido,escamosa,morado,ancha,agrandada,blanco,evanescente,ninguno,marrón,solitaria,hojas,no,blanco,seca,4.5,8.3
venenoso,pescado,verde,cónico,escamosa,rosa,ancha,ahusada,rosa,colgante,uno,blanco,abundante,urbano,sí,marrón,viscosa,5.1,6.9
comestible,anís,verde,convexo,fibrosa,rosa,ancha,ahusada,rosa,colgante,uno,café,dispersa,senderos,no,blanco,húmeda,6.5,3.8
venenoso,pescado,amarillo,hundido,fibrosa,negro,angosta,agrandada,gris,colgante,ninguno,negro,solitaria,urbano,sí,marrón,húmeda,6.2,7.8
comestible,anís,marrón,cónico,lisa,morado,ancha,agrandada,marrón,ninguno,ninguno,negro,solitaria,hojas,sí,blanco,seca,6.2,6.3
venenoso,mohoso,rosa,campana,estriada,morado,ancha,ahusada,blanco,colgante,uno,verde,varias,urbano,no,naranja,seca,6.5,3.8
comestible,anís,rosa,convexo,escamosa,verde,angosta,ahusada,rosa,colgante,dos,café,dispersa,desechos,sí,naranja,seca,7.7,5.4
venenoso,picante,blanco,cónico,fibrosa,marrón,ancha,agrandada,rosa,grande,ninguno,verde,varias,urbano,sí,blanco,seca,6.4,3.7
venenoso,creosota,rojo,nudoso,estriada,rosa,ancha,ahusada,marrón,grande,uno,verde,dispersa,pastizal,no,naranja,húmeda,6.4,6.8
venenoso,fétido,verde,nudoso,estriada,gris,ancha,ahusada,rosa,ninguno,ninguno,café,agrupada,bosque,sí,blanco,seca,3.1,6.5
comestible,anís,blanco,hundido,lisa,negro,ancha,ahusada,rosa,grande,dos,morado,varias,hojas,sí,blanco,seca,5.7,6.1
venenoso,fétido,blanco,nudoso,estriada,marrón,angosta,agrandada,rosa,grande,dos,blanco,agrupada,pastizal,sí,marrón,viscosa,4.1,7.3
venenoso,picante,canela,plano,escamosa,gris,angosta,ahusada,marrón,colgante,uno,morado,agrupada,pastizal,no,blanco,viscosa,8.0,9.9
venenoso,picante,gris,hundido,fibrosa,verde,ancha,ahusada,rosa,grande,uno,verde,agrupada,senderos,no,marrón,seca,9.0,4.3
venenoso,mohoso,blanco,nudoso,lisa,verde,angosta,agrandada,marrón,evanescente,uno,negro,dispersa,urbano,sí,blanco,húmeda,8.1,12.7
comestible,anís,rosa,cónico,lisa,morado,angosta,ahusada,marrón,ninguno,uno,blanco,solitaria,desechos,sí,naranja,seca,8.2,6.1
venenoso,fétido,rojo,hundido,fibrosa,rosa,angosta,ahusada,blanco,ninguno,uno,verde,varias,hojas,sí,blanco,seca,5.7,5.2
comestible,creosota,rojo,convexo,fibrosa,verde,angosta,agrandada,gris,ninguno,uno,café,abundante,hojas,sí,naranja,húmeda,6.9,5.3
venenoso,almendra,rosa,campana,escamosa,marrón,ancha,agrandada,rosa,colgante,uno,verde,solitaria,bosque,sí,naranja,húmeda,6.9,9.2
comestible,almendra,marrón,nudoso,lisa,marrón,ancha,ahusada,blanco,grande,uno,blanco,agrupada,bosque,sí,blanco,seca,5.7,9.3
comestible,ninguno,marrón,plano,lisa,morado,angosta,ahusada,canela,evanescente,uno,blanco,agrupada,urbano,no,blanco,viscosa,7.0,7.5
comestible,almendra,amarillo,campana,fibrosa,gris,ancha,ahusada,blanco,evanescente,ninguno,blanco,numerosa,desechos,sí,marrón,seca,6.6,4.0
venenoso,ninguno,verde,nudoso,estriada,morado,angosta,agrandada,marrón,colgante,dos,morado,dispersa,senderos,sí,marrón,viscosa,5.0,5.7
comestible,creosota,rojo,hundido,lisa,rosa,angosta,ahusada,gris,evanescente,ninguno,café,agrupada,senderos,sí,naranja,viscosa,9.8,8.0
venenoso,pescado,gris,hundido,fibrosa,marrón,angosta,agrandada,gris,evanescente,ninguno,café,solitaria,desechos,no,blanco,viscosa,4.0,5.1
comestible,anís,marrón,nudoso,lisa,negro,ancha,ahusada,blanco,grande,dos,negro,agrupada,senderos,sí,marrón,seca,8.7,9.8
comestible,almendra,amarillo,nudoso,lisa,gris,ancha,ahusada,gris,ninguno,ninguno,verde,dispersa,hojas,no,blanco,seca,6.0,12.7
venenoso,mohoso,blanco,hundido,lisa,rojo,angosta,agrandada,marrón,ninguno,dos,negro,abundante,pastizal,no,blanco,húmeda,5.2,7.4
comestible,ninguno,canela,nudoso,estriada,morado,ancha,agrandada,rosa,colgante,uno,negro,abundante,bosque,sí,blanco,seca,7.3,8.1
venenoso,pescado,marrón,convexo,fibrosa,verde,angosta,agrandada,blanco,colgante,uno,blanco,numerosa,pastizal,sí,naranja,húmeda,5.4,3.6
comestible,anís,rojo,convexo,fibrosa,rosa,ancha,agrandada,blanco,evanescente,ninguno,café,agrupada,hojas,no,naranja,húmeda,4.6,3.5
venenoso,creosota,canela,hundido,estriada,gris,angosta,ahusada,marrón,colgante,ninguno,marrón,varias,pastizal,no,marrón,viscosa,8.3,7.4
venenoso,anís,verde,hundido,escamosa,gris,ancha,ahusada,marrón,evanescente,uno,blanco,agrupada,bosque,no,naranja,seca,7.8,3.0
comestible,mohoso,marrón,cónico,escamosa,morado,ancha,ahusada,blanco,colgante,ninguno,marrón,dispersa,senderos,sí,blanco,húmeda,4.8,10.2
comestible,almendra,rosa,plano,estriada,rosa,ancha,agrandada,marrón,colgante,ninguno,marrón,agrupada,urbano,sí,blanco,viscosa,5.4,8.9
venenoso,creosota,gris,campana,fibrosa,gris,angosta,agrandada,marrón,ninguno,ninguno,verde,numerosa,pastizal,sí,blanco,húmeda,2.1,6.4
venenoso,pescado,amarillo,convexo,escamosa,marrón,ancha,ahusada,canela,colgante,uno,morado,agrupada,desechos,sí,marrón,seca,3.2,7.7
venenoso,picante,verde,campana,fibrosa,blanco,angosta,ahusada,blanco,ninguno,dos,verde,agrupada,desechos,no,blanco,viscosa,7.3,10.3
comestible,anís,amarillo,plano,estriada,morado,ancha,ahusada,canela,grande,uno,café,solitaria,pastizal,sí,naranja,seca,5.0,4.2
venenoso,fétido,amarillo,plano,fibrosa,marrón,angosta,ahusada,rosa,ninguno,dos,verde,dispersa,bosque,sí,naranja,húmeda,5.1,6.9
comestible,almendra,marrón,convexo,lisa,rojo,ancha,ahusada,rosa,evanescente,uno,morado,solitaria,urbano,sí,blanco,húmeda,9.9,7.8
comestible,fétido,gris,cónico,escamosa,negro,ancha,agrandada,blanco,colgante,ninguno,negro,abundante,bosque,no,marrón,húmeda,4.0,9.0
comestible,almendra,verde,hundido,lisa,marrón,angosta,agrandada,gris,evanescente,dos,negro,dispersa,urbano,no,marrón,viscosa,5.1,6.0
venenoso,picante,marrón,convexo,fibrosa,marrón,angosta,ahusada,gris,grande,dos,café,agrupada,bosque,no,marrón,seca,8.2,7.4
venenoso,anís,rojo,plano,lisa,gris,ancha,ahusada,blanco,colgante,dos,morado,agrupada,senderos,sí,naranja,húmeda,4.6,3.6
venenoso,picante,marrón,campana,lisa,marrón,angosta,ahusada,rosa,ninguno,ninguno,verde,solitaria,hojas,no,naranja,seca,5.4,8.8
comestible,pescado,rosa,nudoso,fibrosa,blanco,ancha,agrandada,gris,ninguno,dos,blanco,dispersa,urbano,no,marrón,seca,8.4,2.8
comestible,anís,blanco,cónico,escamosa,rojo,angosta,ahusada,rosa,colgante,uno,morado,numerosa,senderos,sí,naranja,viscosa,11.0,11.5
venenoso,ninguno,marrón,plano,lisa,rojo,angosta,ahusada,canela,grande,uno,morado,agrupada,senderos,no,marrón,húmeda,5.1,3.3
venenoso,fétido,verde,convexo,escamosa,rosa,ancha,agrandada,marrón,grande,ninguno,blanco,solitaria,bosque,sí,blanco,húmeda,5.2,7.0
venenoso,picante,marrón,convexo,fibrosa,blanco,angosta,ahusada,canela,grande,dos,verde,agrupada,desechos,sí,blanco,seca,5.6,4.6
venenoso,creosota,blanco,convexo,lisa,rojo,angosta,ahusada,marrón,grande,dos,morado,solitaria,hojas,no,naranja,húmeda,5.2,7.1
venenoso,picante,canela,cónico,escamosa,marrón,ancha,agrandada,rosa,ninguno,ninguno,morado,solitaria,urbano,no,naranja,viscosa,3.6,5.9
comestible,fétido,marrón,campana,lisa,rojo,angosta,ahusada,canela,evanescente,ninguno,marrón,varias,urbano,no,blanco,seca,4.5,10.6
venenoso,picante,verde,hundido,estriada,verde,angosta,ahusada,marrón,grande,uno,negro,agrupada,senderos,sí,blanco,seca,7.7,9.0
comestible,picante,marrón,plano,lisa,verde,angosta,ahusada,gris,ninguno,uno,blanco,abundante,senderos,sí,marrón,húmeda,6.1,10.1
venenoso,pescado,gris,cónico,escamosa,negro,ancha,ahusada,blanco,evanescente,dos,marrón,solitaria,pastizal,no,marrón,húmeda,4.1,5.1
venenoso,picante,blanco,convexo,escamosa,verde,ancha,ahusada,marrón,grande,dos,morado,solitaria,senderos,sí,naranja,húmeda,3.8,6.3
venenoso,creosota,rojo,nudoso,estriada,rojo,ancha,agrandada,gris,evanescente,dos,café,agrupada,desechos,no,marrón,seca,4.4,8.8
venenoso,fétido,canela,hundido,estriada,verde,angosta,ahusada,blanco,colgante,ninguno,morado,varias,urbano,no,naranja,húmeda,7.4,9.2
venenoso,pescado,rosa,nudoso,estriada,marrón,ancha,ahusada,canela,grande,ninguno,café,varias,urbano,sí,naranja,viscosa,8.3,9.3
venenoso,mohoso,marrón,convexo,lisa,negro,ancha,ahusada,marrón,grande,uno,negro,solitaria,pastizal,no,blanco,viscosa,5.7,3.7
venenoso,pescado,blanco,campana,estriada,marrón,angosta,agrandada,canela,colgante,uno,blanco,varias,desechos,no,naranja,seca,8.6,7.7
comestible,anís,rojo,cónico,fibrosa,negro,angosta,ahusada,gris,grande,ninguno,negro,agrupada,urbano,sí,naranja,húmeda,4.1,4.8
venenoso,almendra,blanco,hundido,escamosa,negro,angosta,agrandada,gris,ninguno,ninguno,blanco,agrupada,bosque,sí,naranja,seca,6.2,8.2
comestible,fétido,gris,campana,estriada,verde,ancha,agrandada,gris,evanescente,ninguno,marrón,agrupada,pastizal,sí,marrón,seca,4.1,4.4
comestible,anís,rojo,nudoso,fibrosa,rojo,ancha,ahusada,marrón,colgante,uno,morado,numerosa,senderos,sí,marrón,viscosa,5.3,9.7
venenoso,creosota,rosa,cónico,estriada,blanco,angosta,agrandada,gris,grande,uno,verde,abundante,urbano,sí,blanco,seca,4.5,11.6
venenoso,picante,canela,campana,escamosa,rosa,angosta,agrandada,blanco,evanescente,dos,negro,numerosa,bosque,sí,blanco,húmeda,4.8,8.5
venenoso,almendra,amarillo,campana,estriada,blanco,angosta,ahusada,gris,grande,dos,verde,numerosa,senderos,sí,naranja,seca,7.4,6.1
venenoso,picante,marrón,convexo,estriada,rojo,ancha,agrandada,canela,ninguno,uno,verde,solitaria,desechos,sí,naranja,seca,6.1,5.1
comestible,anís,rojo,plano,lisa,rosa,ancha,agrandada,canela,evanescente,uno,negro,dispersa,hojas,sí,marrón,seca,7.3,4.4
comestible,anís,blanco,plano,lisa,rojo,ancha,agrandada,rosa,colgante,uno,verde,agrupada,bosque,sí,blanco,seca,6.9,10.0
venenoso,pescado,rojo,cónico,fibrosa,rojo,ancha,ahusada,marrón,grande,ninguno,verde,solitaria,urbano,sí,marrón,seca,7.9,7.5
comestible,ninguno,blanco,nudoso,fibrosa,gris,ancha,ahusada,rosa,evanescente,ninguno,blanco,agrupada,desechos,sí,marrón,húmeda,2.5,9.8
comestible,mohoso,rosa,cónico,escamosa,rojo,ancha,ahusada,blanco,colgante,ninguno,blanco,agrupada,pastizal,sí,naranja,seca,5.0,6.3
comestible,pescado,gris,cónico,escamosa,rosa,ancha,ahusada,rosa,grande,dos,café,numerosa,desechos,no,blanco,seca,5.2,7.5
venenoso,fétido,gris,campana,lisa,rojo,ancha,agrandada,blanco,colgante,ninguno,blanco,agrupada,senderos,no,blanco,húmeda,6.2,11.0
venenoso,creosota,rosa,plano,lisa,negro,ancha,ahusada,marrón,evanescente,dos,negro,abundante,senderos,sí,naranja,húmeda,5.5,6.6
venenoso,mohoso,rosa,convexo,escamosa,morado,angosta,ahusada,blanco,ninguno,ninguno,verde,numerosa,pastizal,sí,marrón,viscosa,5.4,6.6
comestible,ninguno,blanco,cónico,estriada,rosa,angosta,ahusada,marrón,grande,dos,morado,numerosa,desechos,no,naranja,húmeda,6.2,7.5
venenoso,pescado,blanco,nudoso,escamosa,morado,ancha,ahusada,marrón,evanescente,uno,café,solitaria,bosque,no,blanco,seca,3.6,5.4
venenoso,creosota,verde,campana,lisa,blanco,angosta,agrandada,marrón,grande,ninguno,marrón,abundante,desechos,sí,marrón,húmeda,6.9,3.2
comestible,fétido,verde,cónico,lisa,gris,ancha,agrandada,marrón,ninguno,uno,blanco,abundante,urbano,no,naranja,seca,4.9,4.4
comestible,pescado,gris,nudoso,escamosa,rojo,ancha,agrandada,canela,ninguno,ninguno,café,solitaria,urbano,sí,marrón,viscosa,10.2,5.8
venenoso,mohoso,amarillo,hundido,escamosa,rosa,ancha,ahusada,canela,grande,uno,marrón,numerosa,hojas,sí,naranja,seca,6.5,3.4
venenoso,creosota,blanco,plano,estriada,negro,ancha,ahusada,rosa,evanescente,uno,marrón,abundante,desechos,no,naranja,viscosa,4.8,5.6
venenoso,creosota,gris,campana,lisa,negro,ancha,ahusada,blanco,evanescente,dos,café,dispersa,desechos,no,naranja,viscosa,6.8,7.1
comestible,almendra,gris,cónico,estriada,rosa,angosta,ahusada,rosa,colgante,uno,blanco,varias,urbano,no,naranja,húmeda,6.7,9.9
venenoso,creosota,rojo,hundido,lisa,marrón,ancha,agrandada,canela,evanescente,uno,café,abundante,hojas,sí,naranja,viscosa,3.3,10.4
venenoso,picante,rosa,hundido,fibrosa,rosa,angosta,agrandada,blanco,evanescente,uno,morado,abundante,pastizal,no,marrón,húmeda,5.4,4.8
venenoso,fétido,rojo,nudoso,estriada,marrón,angosta,ahusada,canela,grande,ninguno,café,numerosa,hojas,no,marrón,viscosa,7.6,6.8
comestible,ninguno,blanco,plano,lisa,morado,ancha,agrandada,rosa,evanescente,uno,blanco,numerosa,senderos,sí,naranja,seca,5.3,7.4
comestible,almendra,blanco,cónico,fibrosa,rojo,angosta,agrandada,gris,colgante,dos,marrón,solitaria,senderos,sí,blanco,húmeda,5.3,8.9
comestible,fétido,amarillo,convexo,estriada,verde,ancha,ahusada,marrón,evanescente,dos,verde,dispersa,bosque,sí,naranja,seca,6.0,4.3
venenoso,creosota,rojo,plano,fibrosa,rosa,angosta,agrandada,canela,ninguno,dos,negro,abundante,hojas,no,marrón,húmeda,7.0,8.2
venenoso,creosota,rojo,hundido,fibrosa,negro,angosta,agrandada,marrón,grande,uno,marrón,abundante,urbano,no,naranja,húmeda,3.7,7.2
comestible,ninguno,gris,campana,fibrosa,rosa,ancha,agrandada,rosa,evanescente,dos,negro,abundante,urbano,sí,naranja,húmeda,4.1,8.6
comestible,anís,canela,plano,lisa,blanco,angosta,ahusada,canela,grande,dos,café,dispersa,bosque,sí,marrón,seca,5.3,7.6
venenoso,anís,marrón,campana,estriada,marrón,ancha,agrandada,marrón,ninguno,ninguno,verde,dispersa,senderos,sí,naranja,húmeda,5.7,5.0
comestible,picante,canela,convexo,escamosa,blanco,ancha,agrandada,rosa,ninguno,dos,negro,abundante,pastizal,no,marrón,seca,8.7,5.6
venenoso,creosota,verde,convexo,escamosa,rojo,ancha,ahusada,marrón,ninguno,ninguno,blanco,dispersa,bosque,no,naranja,viscosa,8.2,10.1
comestible,anís,blanco,hundido,escamosa,negro,angosta,agrandada,rosa,grande,uno,marrón,agrupada,senderos,sí,marrón,viscosa,6.4,3.2
comestible,ninguno,rojo,convexo,lisa,negro,angosta,ahusada,marrón,grande,ninguno,blanco,varias,pastizal,no,naranja,húmeda,4.7,5.2
venenoso,creosota,marrón,nudoso,estriada,rojo,ancha,agrandada,gris,grande,uno,blanco,agrupada,desechos,no,blanco,seca,8.1,6.0
venenoso,fétido,canela,nudoso,escamosa,morado,angosta,agrandada,marrón,ninguno,dos,café,abundante,bosque,sí,naranja,viscosa,6.2,8.3
venenoso,almendra,rosa,nudoso,estriada,rosa,ancha,ahusada,rosa,grande,ninguno,morado,dispersa,hojas,no,marrón,húmeda,3.4,6.2
venenoso,creosota,rojo,campana,escamosa,gris,angosta,ahusada,gris,ninguno,dos,marrón,agrupada,hojas,sí,naranja,seca,7.2,9.8
venenoso,creosota,rojo,convexo,escamosa,rosa,ancha,agrandada,canela,colgante,dos,marrón,varias,hojas,sí,marrón,húmeda,4.6,6.3
comestible,ninguno,blanco,nudoso,fibrosa,blanco,ancha,ahusada,canela,grande,uno,negro,abundante,senderos,sí,naranja,seca,3.4,10.5
comestible,fétido,rosa,plano,escamosa,rosa,ancha,agrandada,rosa,colgante,ninguno,negro,dispersa,urbano,no,naranja,seca,5.8,5.7
venenoso,almendra,rojo,hundido,escamosa,marrón,angosta,agrandada,gris,evanescente,dos,marrón,dispersa,hojas,sí,blanco,viscosa,4.7,6.8
comestible,mohoso,verde,convexo,lisa,morado,ancha,agrandada,canela,evanescente,uno,blanco,agrupada,desechos,sí,naranja,seca,3.3,6.8
venenoso,mohoso,rosa,convexo,lisa,verde,ancha,ahusada,rosa,colgante,dos,marrón,numerosa,hojas,no,naranja,seca,6.4,7.4
venenoso,creosota,gris,convexo,estriada,marrón,angosta,ahusada,rosa,evanescente,dos,café,abundante,pastizal,sí,blanco,húmeda,6.5,6.5
venenoso,creosota,blanco,plano,lisa,marrón,ancha,agrandada,marrón,ninguno,dos,verde,solitaria,urbano,sí,marrón,viscosa,6.7,7.8
venenoso,pescado,verde,campana,escamosa,blanco,angosta,ahusada,gris,evanescente,uno,verde,numerosa,senderos,no,blanco,húmeda,5.3,7.8
venenoso,creosota,marrón,plano,escamosa,blanco,ancha,agrandada,blanco,ninguno,ninguno,verde,abundante,bosque,sí,marrón,seca,7.6,6.1
venenoso,mohoso,blanco,hundido,fibrosa,negro,angosta,agrandada,gris,colgante,dos,café,agrupada,pastizal,no,blanco,viscosa,5.8,6.6
comestible,pescado,canela,convexo,fibrosa,blanco,ancha,agrandada,blanco,grande,uno,blanco,abundante,hojas,no,marrón,húmeda,5.2,8.2
comestible,ninguno,gris,nudoso,lisa,gris,angosta,agrandada,gris,evanescente,ninguno,negro,varias,desechos,sí,marrón,seca,4.0,13.1
comestible,ninguno,rosa,campana,estriada,verde,ancha,ahusada,blanco,grande,ninguno,negro,abundante,desechos,no,blanco,seca,3.3,10.0
venenoso,pescado,verde,nudoso,lisa,rojo,ancha,agrandada,gris,evanescente,dos,verde,solitaria,hojas,no,naranja,seca,6.1,7.5
venenoso,creosota,verde,nudoso,estriada,morado,angosta,ahusada,blanco,colgante,ninguno,marrón,agrupada,pastizal,sí,naranja,húmeda,5.6,10.2
comestible,anís,blanco,campana,lisa,negro,angosta,ahusada,gris,colgante,ninguno,marrón,solitaria,urbano,sí,marrón,viscosa,6.0,7.8
venenoso,pescado,verde,nudoso,lisa,blanco,ancha,ahusada,canela,evanescente,ninguno,negro,numerosa,pastizal,no,marrón,húmeda,6.6,9.8
comestible,mohoso,rosa,plano,lisa,blanco,ancha,agrandada,canela,colgante,uno,marrón,numerosa,urbano,sí,blanco,seca,7.8,5.1
venenoso,mohoso,canela,cónico,lisa,blanco,angosta,ahusada,gris,colgante,ninguno,café,numerosa,hojas,no,blanco,húmeda,7.6,2.7
venenoso,pescado,marrón,campana,estriada,verde,ancha,agrandada,rosa,colgante,ninguno,verde,abundante,urbano,sí,marrón,viscosa,7.2,4.6
venenoso,fétido,marrón,nudoso,escamosa,rosa,angosta,agrandada,canela,evanescente,dos,morado,agrupada,desechos,sí,marrón,húmeda,6.0,7.1
comestible,picante,rosa,hundido,estriada,rojo,ancha,agrandada,gris,colgante,ninguno,marrón,varias,desechos,no,naranja,viscosa,6.9,8.3
venenoso,creosota,marrón,cónico,estriada,blanco,ancha,ahusada,gris,evanescente,dos,morado,agrupada,desechos,no,marrón,seca,4.9,8.2
venenoso,mohoso,amarillo,plano,fibrosa,morado,ancha,ahusada,rosa,evanescente,uno,verde,abundante,pastizal,sí,marrón,húmeda,5.6,8.0
comestible,fétido,marrón,convexo,lisa,blanco,angosta,agrandada,gris,grande,dos,morado,varias,urbano,no,marrón,seca,4.7,6.1
venenoso,fétido,verde,campana,lisa,verde,ancha,agrandada,blanco,ninguno,uno,marrón,dispersa,urbano,sí,naranja,húmeda,8.5,8.5
venenoso,mohoso,verde,hundido,estriada,negro,angosta,agrandada,marrón,colgante,dos,verde,varias,pastizal,sí,blanco,húmeda,8.7,3.0
venenoso,mohoso,marrón,cónico,escamosa,verde,angosta,agrandada,marrón,colgante,ninguno,verde,varias,urbano,sí,marrón,seca,5.3,7.1
venenoso,mohoso,marrón,campana,fibrosa,gris,angosta,agrandada,marrón,evanescente,dos,café,varias,pastizal,no,naranja,viscosa,4.5,5.4
comestible,almendra,verde,nudoso,fibrosa,rojo,angosta,agrandada,canela,grande,ninguno,morado,abundante,senderos,sí,marrón,húmeda,2.1,10.3
comestible,ninguno,rosa,hundido,lisa,verde,angosta,agrandada,canela,evanescente,ninguno,negro,agrupada,desechos,sí,naranja,húmeda,8.5,9.1
venenoso,creosota,rojo,hundido,fibrosa,negro,angosta,ahusada,rosa,evanescente,ninguno,morado,dispersa,desechos,no,blanco,húmeda,11.3,11.2
comestible,almendra,rosa,plano,escamosa,verde,ancha,agrandada,gris,ninguno,dos,negro,abundante,bosque,sí,naranja,húmeda,2.5,8.2
comestible,pescado,amarillo,nudoso,lisa,blanco,ancha,agrandada,marrón,colgante,ninguno,verde,dispersa,hojas,no,marrón,viscosa,6.0,3.2
venenoso,almendra,verde,campana,estriada,verde,angosta,ahusada,marrón,evanescente,ninguno,morado,varias,urbano,sí,blanco,húmeda,8.8,7.2
venenoso,picante,verde,convexo,escamosa,marrón,ancha,agrandada,marrón,colgante,dos,morado,abundante,desechos,no,naranja,seca,7.2,8.6
venenoso,pescado,rosa,convexo,fibrosa,blanco,angosta,ahusada,canela,ninguno,uno,verde,numerosa,senderos,no,blanco,seca,5.2,3.6
venenoso,creosota,gris,hundido,fibrosa,marrón,angosta,agrandada,gris,colgante,uno,blanco,abundante,senderos,sí,marrón,viscosa,2.7,7.4
venenoso,creosota,gris,plano,estriada,morado,angosta,ahusada,gris,colgante,ninguno,negro,abundante,bosque,sí,blanco,seca,6.0,8.8
comestible,anís,rosa,campana,lisa,gris,angosta,ahusada,gris,ninguno,dos,morado,solitaria,urbano,no,marrón,húmeda,3.9,6.4
venenoso,pescado,rosa,cónico,lisa,rojo,ancha,ahusada,canela,colgante,uno,café,dispersa,urbano,no,naranja,viscosa,7.3,10.7
comestible,anís,canela,plano,fibrosa,negro,ancha,ahusada,canela,grande,dos,morado,solitaria,bosque,no,blanco,seca,5.9,8.8
venenoso,fétido,blanco,cónico,lisa,verde,angosta,ahusada,canela,grande,uno,morado,agrupada,senderos,no,blanco,seca,8.6,5.3
comestible,ninguno,blanco,campana,fibrosa,verde,ancha,ahusada,canela,colgante,uno,blanco,abundante,hojas,no,naranja,seca,7.9,2.7
venenoso,mohoso,amarillo,nudoso,lisa,rosa,angosta,ahusada,rosa,colgante,ninguno,verde,varias,senderos,sí,marrón,viscosa,6.8,9.1
comestible,anís,rosa,campana,fibrosa,rojo,angosta,ahusada,marrón,colgante,uno,verde,agrupada,urbano,sí,blanco,seca,8.1,9.2
venenoso,picante,verde,convexo,estriada,negro,ancha,ahusada,blanco,colgante,dos,café,varias,desechos,no,naranja,seca,4.7,13.4
venenoso,creosota,verde,hundido,escamosa,verde,ancha,ahusada,gris,evanescente,uno,negro,agrupada,bosque,no,naranja,húmeda,6.8,11.0
comestible,creosota,canela,convexo,escamosa,blanco,angosta,agrandada,blanco,ninguno,ninguno,café,abundante,senderos,sí,naranja,viscosa,5.7,6.8
comestible,mohoso,blanco,campana,fibrosa,verde,ancha,ahusada,canela,grande,ninguno,blanco,agrupada,senderos,no,marrón,húmeda,2.2,8.1
comestible,anís,rojo,hundido,fibrosa,gris,ancha,agrandada,rosa,grande,uno,café,abundante,urbano,sí,marrón,seca,8.2,6.8
comestible,ninguno,rojo,campana,lisa,gris,ancha,ahusada,rosa,ninguno,ninguno,negro,agrupada,pastizal,sí,naranja,viscosa,8.2,7.0
venenoso,ninguno,rojo,plano,estriada,marrón,angosta,agrandada,rosa,grande,uno,morado,abundante,desechos,no,blanco,húmeda,5.3,6.4
comestible,anís,blanco,campana,fibrosa,morado,angosta,ahusada,canela,colgante,uno,verde,agrupada,bosque,no,naranja,húmeda,4.8,6.4
venenoso,pescado,canela,plano,estriada,verde,angosta,ahusada,marrón,colgante,uno,blanco,numerosa,bosque,no,naranja,húmeda,7.3,3.9
venenoso,fétido,canela,convexo,estriada,rosa,angosta,agrandada,rosa,grande,dos,marrón,varias,hojas,sí,naranja,húmeda,4.9,8.6
venenoso,pescado,blanco,nudoso,escamosa,verde,angosta,ahusada,blanco,grande,uno,marrón,agrupada,urbano,no,blanco,húmeda,7.4,7.8
venenoso,pescado,marrón,nudoso,escamosa,rosa,angosta,ahusada,blanco,colgante,uno,blanco,agrupada,hojas,sí,naranja,viscosa,8.0,9.2
comestible,almendra,rojo,cónico,escamosa,gris,angosta,agrandada,rosa,evanescente,uno,café,numerosa,hojas,no,marrón,seca,9.4,5.3
venenoso,mohoso,rosa,cónico,lisa,morado,ancha,ahusada,blanco,grande,uno,blanco,abundante,desechos,sí,marrón,viscosa,10.0,7.1
comestible,almendra,gris,nudoso,fibrosa,morado,angosta,ahusada,canela,colgante,uno,blanco,varias,bosque,no,naranja,seca,4.7,10.4
comestible,ninguno,blanco,plano,estriada,rojo,ancha,agrandada,marrón,grande,uno,marrón,numerosa,bosque,no,blanco,viscosa,9.7,11.8
comestible,almendra,amarillo,cónico,fibrosa,negro,angosta,ahusada,canela,evanescente,dos,verde,abundante,urbano,sí,naranja,viscosa,6.6,3.5
comestible,ninguno,rojo,nudoso,estriada,rojo,ancha,ahusada,gris,evanescente,dos,café,numerosa,desechos,sí,blanco,viscosa,6.7,4.3
venenoso,picante,blanco,plano,fibrosa,blanco,angosta,ahusada,rosa,ninguno,ninguno,verde,agrupada,senderos,sí,marrón,húmeda,5.5,6.1
comestible,anís,blanco,campana,escamosa,marrón,angosta,ahusada,gris,colgante,uno,morado,solitaria,desechos,no,blanco,viscosa,7.7,1.0
venenoso,picante,amarillo,cónico,escamosa,marrón,ancha,agrandada,canela,ninguno,ninguno,verde,numerosa,urbano,no,marrón,viscosa,6.5,8.2
venenoso,picante,canela,campana,escamosa,morado,angosta,ahusada,rosa,evanescente,ninguno,verde,varias,urbano,sí,blanco,seca,6.1,7.4
comestible,picante,rojo,plano,escamosa,gris,angosta,ahusada,gris,ninguno,uno,negro,abundante,pastizal,no,blanco,húmeda,6.3,6.3
venenoso,fétido,rojo,nudoso,escamosa,blanco,angosta,ahusada,blanco,colgante,uno,negro,abundante,hojas,no,marrón,viscosa,3.8,5.8
comestible,pescado,rojo,convexo,escamosa,negro,angosta,ahusada,canela,evanescente,ninguno,marrón,varias,pastizal,no,naranja,seca,7.0,9.2
comestible,ninguno,amarillo,nudoso,fibrosa,gris,ancha,agrandada,rosa,ninguno,ninguno,marrón,abundante,urbano,sí,blanco,seca,6.3,4.0
comestible,mohoso,marrón,hundido,fibrosa,rojo,ancha,agrandada,rosa,evanescente,ninguno,marrón,dispersa,pastizal,sí,naranja,seca,7.5,5.0
comestible,almendra,blanco,plano,escamosa,blanco,angosta,agrandada,gris,grande,uno,morado,abundante,bosque,no,blanco,húmeda,4.6,7.0
comestible,almendra,verde,nudoso,lisa,verde,ancha,agrandada,blanco,colgante,dos,verde,varias,bosque,no,naranja,húmeda,3.0,5.2
comestible,ninguno,rosa,cónico,escamosa,blanco,angosta,agrandada,blanco,evanescente,uno,marrón,solitaria,hojas,sí,marrón,húmeda,7.0,10.5
venenoso,picante,amarillo,plano,fibrosa,morado,angosta,agrandada,rosa,evanescente,ninguno,marrón,agrupada,bosque,sí,marrón,seca,6.9,4.1
venenoso,mohoso,blanco,campana,lisa,blanco,ancha,ahusada,rosa,colgante,dos,café,abundante,desechos,sí,blanco,viscosa,3.6,8.7
comestible,creosota,blanco,hundido,fibrosa,rojo,angosta,ahusada,gris,ninguno,dos,café,solitaria,desechos,no,blanco,seca,3.0,6.8
comestible,ninguno,marrón,plano,fibrosa,marrón,ancha,agrandada,marrón,grande,uno,blanco,numerosa,pastizal,no,naranja,viscosa,8.0,7.4
venenoso,fétido,rosa,plano,lisa,negro,angosta,ahusada,marrón,evanescente,dos,café,abundante,senderos,no,marrón,seca,6.5,5.1
venenoso,ninguno,amarillo,cónico,estriada,verde,ancha,agrandada,rosa,evanescente,dos,morado,varias,urbano,sí,blanco,seca,2.8,3.8
comestible,ninguno,blanco,nudoso,estriada,verde,angosta,ahusada,gris,evanescente,ninguno,morado,abundante,senderos,no,marrón,viscosa,4.8,2.4
comestible,anís,marrón,nudoso,fibrosa,verde,ancha,agrandada,marrón,ninguno,ninguno,negro,agrupada,pastizal,sí,blanco,viscosa,8.6,3.0
venenoso,mohoso,marrón,nudoso,estriada,morado,angosta,ahusada,blanco,evanescente,dos,verde,dispersa,urbano,no,naranja,seca,6.8,4.0
venenoso,almendra,verde,cónico,estriada,marrón,ancha,agrandada,gris,colgante,uno,marrón,numerosa,bosque,sí,blanco,seca,6.5,3.6
comestible,creosota,rosa,hundido,escamosa,gris,ancha,agrandada,blanco,grande,ninguno,café,solitaria,desechos,sí,naranja,húmeda,5.4,9.1
venenoso,mohoso,verde,convexo,fibrosa,verde,angosta,ahusada,blanco,grande,ninguno,marrón,abundante,urbano,no,naranja,seca,4.7,1.4
comestible,anís,canela,convexo,fibrosa,marrón,angosta,agrandada,blanco,colgante,ninguno,negro,dispersa,bosque,no,naranja,viscosa,9.1,14.4
venenoso,picante,rojo,cónico,estriada,verde,angosta,ahusada,canela,colgante,dos,morado,solitaria,bosque,no,marrón,húmeda,2.6,5.2
venenoso,fétido,blanco,hundido,fibrosa,negro,angosta,ahusada,marrón,colgante,uno,morado,solitaria,urbano,sí,blanco,seca,8.2,5.6
comestible,pescado,rosa,plano,fibrosa,gris,angosta,ahusada,marrón,ninguno,dos,blanco,solitaria,urbano,sí,marrón,húmeda,5.7,6.6
venenoso,picante,canela,hundido,escamosa,blanco,ancha,ahusada,blanco,colgante,dos,negro,abundante,hojas,no,marrón,viscosa,6.7,6.5
comestible,almendra,verde,plano,fibrosa,gris,angosta,ahusada,gris,ninguno,uno,verde,dispersa,pastizal,sí,marrón,viscosa,3.5,11.8
comestible,ninguno,canela,convexo,lisa,marrón,angosta,agrandada,marrón,grande,uno,morado,varias,bosque,no,marrón,húmeda,8.3,9.9
venenoso,picante,blanco,cónico,lisa,negro,ancha,ahusada,marrón,ninguno,dos,morado,numerosa,desechos,sí,naranja,húmeda,8.2,1.0
venenoso,creosota,gris,convexo,fibrosa,rojo,angosta,agrandada,rosa,evanescente,ninguno,morado,numerosa,pastizal,no,marrón,seca,3.6,1.0
venenoso,pescado,rosa,plano,estriada,rosa,angosta,ahusada,rosa,evanescente,ninguno,negro,dispersa,desechos,no,blanco,húmeda,8.2,1.2
comestible,ninguno,gris,plano,fibrosa,blanco,ancha,agrandada,blanco,colgante,dos,blanco,numerosa,pastizal,no,marrón,viscosa,5.0,9.9
venenoso,mohoso,canela,cónico,fibrosa,rojo,angosta,ahusada,marrón,ninguno,uno,verde,numerosa,bosque,no,naranja,viscosa,9.4,4.3
comestible,almendra,rojo,campana,lisa,marrón,angosta,agrandada,rosa,grande,dos,blanco,numerosa,desechos,no,marrón,viscosa,5.4,5.9
comestible,ninguno,marrón,plano,estriada,verde,angosta,agrandada,rosa,colgante,uno,café,numerosa,bosque,no,naranja,seca,9.9,7.0
venenoso,mohoso,verde,cónico,escamosa,rojo,ancha,ahusada,rosa,evanescente,dos,blanco,numerosa,pastizal,sí,blanco,seca,6.7,13.3
venenoso,creosota,canela,cónico,lisa,blanco,angosta,ahusada,rosa,ninguno,dos,verde,abundante,bosque,no,naranja,viscosa,5.9,5.4
venenoso,almendra,marrón,cónico,lisa,verde,angosta,agrandada,rosa,evanescente,ninguno,negro,agrupada,hojas,sí,blanco,húmeda,5.7,8.1
comestible,fétido,canela,nudoso,escamosa,gris,ancha,agrandada,blanco,colgante,dos,marrón,agrupada,hojas,sí,blanco,seca,9.6,3.8
comestible,mohoso,rojo,plano,fibrosa,rosa,angosta,agrandada,rosa,evanescente,dos,negro,solitaria,senderos,sí,marrón,húmeda,4.6,7.2
venenoso,fétido,verde,hundido,fibrosa,rojo,angosta,ahusada,marrón,grande,uno,café,abundante,hojas,sí,naranja,húmeda,6.5,8.7
venenoso,fétido,canela,cónico,lisa,morado,ancha,agrandada,gris,ninguno,dos,café,numerosa,desechos,no,marrón,viscosa,3.2,6.5
comestible,ninguno,rojo,cónico,escamosa,verde,ancha,agrandada,canela,colgante,ninguno,blanco,abundante,desechos,no,blanco,húmeda,7.1,4.8
comestible,picante,canela,campana,lisa,blanco,angosta,ahusada,canela,evanescente,ninguno,café,dispersa,urbano,no,blanco,seca,8.3,9.5
venenoso,mohoso,canela,nudoso,fibrosa,marrón,angosta,ahusada,gris,evanescente,dos,blanco,varias,senderos,no,naranja,húmeda,8.9,8.2
venenoso,fétido,marrón,plano,fibrosa,gris,angosta,agrandada,canela,grande,dos,verde,numerosa,urbano,sí,blanco,viscosa,7.4,7.3
venenoso,picante,rojo,convexo,lisa,blanco,angosta,agrandada,blanco,colgante,uno,morado,varias,desechos,no,blanco,húmeda,3.0,5.6
venenoso,picante,gris,campana,estriada,gris,angosta,ahusada,rosa,ninguno,uno,morado,numerosa,pastizal,no,marrón,seca,4.4,7.3
comestible,creosota,verde,convexo,lisa,verde,angosta,ahusada,gris,evanescente,dos,marrón,solitaria,desechos,no,marrón,húmeda,8.6,3.4
venenoso,creosota,amarillo,campana,escamosa,rosa,ancha,ahusada,blanco,ninguno,ninguno,blanco,agrupada,senderos,sí,naranja,húmeda,5.1,4.5
comestible,ninguno,gris,hundido,fibrosa,rojo,angosta,ahusada,gris,colgante,ninguno,café,numerosa,hojas,no,marrón,húmeda,8.8,3.4
venenoso,creosota,blanco,cónico,escamosa,negro,angosta,agrandada,marrón,colgante,dos,marrón,dispersa,desechos,sí,blanco,viscosa,5.4,9.9
venenoso,pescado,canela,hundido,fibrosa,blanco,angosta,ahusada,canela,grande,ninguno,verde,varias,urbano,sí,blanco,húmeda,5.9,6.8
venenoso,creosota,blanco,hundido,fibrosa,marrón,ancha,agrandada,gris,ninguno,ninguno,marrón,agrupada,pastizal,sí,naranja,seca,3.9,7.7
venenoso,mohoso,verde,nudoso,lisa,rosa,ancha,ahusada,canela,grande,ninguno,marrón,dispersa,hojas,sí,naranja,seca,6.4,8.1
comestible,anís,gris,plano,fibrosa,rosa,ancha,agrandada,gris,evanescente,dos,marrón,numerosa,pastizal,no,marrón,húmeda,6.0,8.9
venenoso,picante,gris,plano,lisa,verde,angosta,ahusada,blanco,evanescente,ninguno,marrón,varias,desechos,sí,blanco,seca,6.8,12.5
venenoso,picante,gris,nudoso,estriada,blanco,ancha,agrandada,canela,evanescente,uno,café,solitaria,hojas,no,marrón,húmeda,6.0,6.7
comestible,ninguno,amarillo,campana,escamosa,morado,angosta,agrandada,marrón,evanescente,ninguno,blanco,varias,desechos,sí,marrón,viscosa,6.1,5.2
venenoso,creosota,blanco,cónico,escamosa,gris,angosta,ahusada,blanco,colgante,ninguno,café,varias,bosque,sí,blanco,húmeda,9.9,6.7
comestible,anís,marrón,nudoso,escamosa,verde,ancha,agrandada,canela,colgante,uno,café,agrupada,bosque,sí,naranja,seca,2.9,4.7
comestible,picante,rosa,plano,lisa,gris,ancha,agrandada,rosa,grande,dos,marrón,numerosa,senderos,no,naranja,húmeda,6.3,11.0
venenoso,mohoso,blanco,convexo,fibrosa,gris,angosta,agrandada,rosa,evanescente,uno,marrón,dispersa,bosque,no,blanco,seca,9.6,2.1
comestible,anís,rosa,plano,lisa,blanco,angosta,agrandada,rosa,colgante,uno,negro,agrupada,pastizal,sí,blanco,viscosa,10.1,8.9
comestible,almendra,blanco,plano,lisa,blanco,angosta,agrandada,blanco,ninguno,dos,negro,varias,desechos,sí,blanco,húmeda,6.7,9.2
venenoso,mohoso,verde,nudoso,escamosa,marrón,angosta,agrandada,rosa,ninguno,ninguno,morado,numerosa,pastizal,sí,marrón,viscosa,6.8,9.4
venenoso,picante,gris,nudoso,estriada,verde,angosta,ahusada,rosa,grande,dos,café,dispersa,bosque,no,naranja,viscosa,5.6,8.3
comestible,picante,rosa,nudoso,escamosa,rojo,angosta,ahusada,gris,colgante,ninguno,blanco,solitaria,urbano,sí,blanco,húmeda,9.2,6.0
comestible,ninguno,verde,convexo,escamosa,blanco,angosta,agrandada,marrón,colgante,ninguno,blanco,solitaria,desechos,sí,blanco,húmeda,6.0,7.0
comestible,anís,blanco,campana,estriada,blanco,angosta,ahusada,blanco,evanescente,dos,café,solitaria,pastizal,no,blanco,húmeda,4.4,8.2
comestible,ninguno,rosa,cónico,estriada,negro,angosta,ahusada,gris,grande,dos,negro,agrupada,desechos,no,naranja,seca,3.5,8.6
comestible,fétido,gris,hundido,fibrosa,rojo,ancha,ahusada,marrón,ninguno,ninguno,marrón,dispersa,pastizal,no,naranja,viscosa,4.6,5.6
comestible,ninguno,verde,plano,fibrosa,rosa,ancha,agrandada,rosa,evanescente,uno,morado,abundante,pastizal,no,marrón,viscosa,6.4,7.7
comestible,almendra,rojo,convexo,fibrosa,rojo,ancha,ahusada,gris,ninguno,dos,morado,agrupada,senderos,no,blanco,húmeda,8.0,4.2
comestible,almendra,verde,convexo,estriada,rojo,angosta,ahusada,gris,colgante,uno,blanco,solitaria,desechos,sí,naranja,seca,5.3,9.4
comestible,almendra,verde,cónico,lisa,blanco,angosta,ahusada,rosa,evanescente,uno,blanco,solitaria,hojas,sí,blanco,húmeda,8.0,4.5
venenoso,creosota,marrón,plano,fibrosa,blanco,angosta,ahusada,blanco,ninguno,ninguno,morado,varias,hojas,sí,marrón,húmeda,3.8,6.0
venenoso,ninguno,amarillo,convexo,lisa,gris,angosta,agrandada,canela,evanescente,ninguno,verde,dispersa,desechos,no,naranja,seca,3.6,4.1
comestible,almendra,rosa,plano,escamosa,negro,angosta,agrandada,marrón,evanescente,dos,negro,solitaria,senderos,no,blanco,viscosa,3.7,10.2
comestible,fétido,rosa,nudoso,lisa,marrón,angosta,ahusada,canela,grande,dos,marrón,solitaria,bosque,sí,marrón,viscosa,7.2,8.4
comestible,pescado,verde,campana,lisa,marrón,ancha,ahusada,rosa,ninguno,uno,café,agrupada,pastizal,no,naranja,seca,4.5,8.8
venenoso,mohoso,rojo,convexo,fibrosa,marrón,ancha,agrandada,marrón,ninguno,dos,blanco,abundante,urbano,no,blanco,viscosa,5.3,6.4
comestible,picante,rosa,plano,estriada,verde,ancha,agrandada,canela,colgante,ninguno,marrón,agrupada,desechos,sí,blanco,húmeda,4.9,8.4
venenoso,creosota,verde,convexo,estriada,verde,angosta,agrandada,blanco,evanescente,dos,blanco,abundante,pastizal,no,blanco,seca,6.5,7.2
venenoso,mohoso,canela,nudoso,escamosa,negro,ancha,ahusada,gris,grande,uno,marrón,agrupada,desechos,sí,naranja,húmeda,4.6,8.4
comestible,anís,canela,hundido,escamosa,negro,angosta,ahusada,gris,evanescente,uno,blanco,agrupada,pastizal,no,naranja,húmeda,7.1,8.2
venenoso,fétido,verde,convexo,lisa,gris,ancha,agrandada,marrón,colgante,uno,morado,numerosa,bosque,no,blanco,seca,3.8,3.2
comestible,almendra,verde,campana,escamosa,gris,ancha,agrandada,marrón,ninguno,dos,café,agrupada,desechos,no,blanco,húmeda,6.1,4.2
venenoso,creosota,amarillo,convexo,fibrosa,marrón,ancha,ahusada,marrón,grande,uno,marrón,varias,urbano,no,blanco,seca,5.0,1.0
comestible,creosota,rosa,cónico,estriada,verde,angosta,ahusada,canela,colgante,dos,café,numerosa,desechos,no,blanco,húmeda,7.2,3.1
comestible,almendra,rojo,hundido,fibrosa,marrón,ancha,ahusada,blanco,grande,dos,verde,dispersa,pastizal,no,blanco,viscosa,3.6,9.1
venenoso,almendra,amarillo,campana,lisa,blanco,ancha,agrandada,canela,grande,ninguno,morado,dispersa,pastizal,sí,blanco,seca,7.8,8.6
venenoso,creosota,marrón,nudoso,escamosa,rosa,angosta,agrandada,canela,colgante,dos,verde,dispersa,desechos,no,marrón,húmeda,4.8,7.7
venenoso,pescado,amarillo,convexo,estriada,blanco,angosta,agrandada,marrón,grande,dos,morado,dispersa,urbano,sí,naranja,viscosa,4.4,9.0
comestible,ninguno,canela,hundido,estriada,verde,angosta,ahusada,rosa,colgante,ninguno,negro,dispersa,urbano,sí,naranja,viscosa,4.8,10.7
venenoso,picante,marrón,convexo,estriada,morado,ancha,agrandada,rosa,grande,dos,café,agrupada,pastizal,no,marrón,viscosa,4.1,9.7
comestible,creosota,marrón,nudoso,estriada,blanco,angosta,ahusada,rosa,grande,ninguno,marrón,agrupada,pastizal,sí,naranja,seca,5.7,4.8
venenoso,ninguno,marrón,cónico,escamosa,blanco,angosta,ahusada,canela,evanescente,ninguno,verde,varias,bosque,no,naranja,viscosa,3.6,5.5
venenoso,picante,amarillo,cónico,escamosa,morado,angosta,agrandada,blanco,evanescente,ninguno,morado,varias,bosque,sí,naranja,viscosa,7.0,6.8
venenoso,fétido,canela,convexo,lisa,morado,angosta,agrandada,blanco,colgante,dos,morado,solitaria,hojas,no,blanco,viscosa,8.4,10.6
venenoso,picante,amarillo,nudoso,fibrosa,morado,angosta,agrandada,gris,evanescente,uno,marrón,varias,senderos,no,blanco,viscosa,4.2,7.0
venenoso,mohoso,gris,hundido,escamosa,blanco,angosta,ahusada,blanco,grande,uno,blanco,dispersa,senderos,no,marrón,viscosa,7.0,5.3
comestible,ninguno,gris,nudoso,fibrosa,verde,angosta,ahusada,blanco,grande,ninguno,café,agrupada,senderos,sí,marrón,seca,9.8,7.1
comestible,picante,blanco,cónico,escamosa,verde,angosta,agrandada,blanco,grande,uno,marrón,abundante,desechos,sí,naranja,seca,10.8,8.2
comestible,mohoso,blanco,hundido,lisa,negro,ancha,agrandada,rosa,grande,uno,negro,numerosa,desechos,sí,blanco,viscosa,1.7,7.8
comestible,almendra,rojo,nudoso,lisa,rosa,angosta,agrandada,gris,ninguno,uno,blanco,numerosa,bosque,no,blanco,viscosa,4.6,9.1
comestible,ninguno,verde,campana,fibrosa,rojo,ancha,ahusada,gris,colgante,dos,morado,dispersa,senderos,sí,marrón,seca,5.7,6.9
venenoso,pescado,blanco,cónico,estriada,morado,angosta,agrandada,rosa,ninguno,dos,morado,dispersa,urbano,sí,marrón,húmeda,8.7,11.2
venenoso,fétido,gris,hundido,estriada,negro,ancha,agrandada,canela,colgante,dos,morado,varias,urbano,no,marrón,viscosa,5.8,7.0
venenoso,almendra,rojo,cónico,lisa,marrón,ancha,ahusada,rosa,colgante,uno,morado,numerosa,senderos,no,marrón,húmeda,4.2,10.3
venenoso,mohoso,blanco,plano,escamosa,rojo,angosta,agrandada,marrón,evanescente,uno,negro,solitaria,bosque,sí,blanco,viscosa,5.6,5.1
venenoso,pescado,rosa,nudoso,estriada,negro,angosta,ahusada,gris,evanescente,dos,negro,numerosa,senderos,no,marrón,seca,4.0,4.4
venenoso,almendra,gris,campana,lisa,blanco,ancha,ahusada,gris,evanescente,uno,morado,solitaria,urbano,sí,naranja,viscosa,7.7,7.0
comestible,ninguno,amarillo,nudoso,escamosa,negro,angosta,ahusada,rosa,evanescente,uno,blanco,agrupada,pastizal,sí,naranja,seca,10.9,9.6
venenoso,pescado,verde,campana,fibrosa,rosa,ancha,agrandada,canela,evanescente,dos,morado,agrupada,desechos,no,marrón,viscosa,6.1,7.2
venenoso,picante,canela,cónico,estriada,gris,ancha,agrandada,canela,ninguno,uno,café,solitaria,bosque,sí,naranja,viscosa,5.9,11.2
venenoso,pescado,gris,convexo,fibrosa,morado,angosta,ahusada,canela,ninguno,uno,verde,abundante,pastizal,no,marrón,seca,7.6,5.0
comestible,anís,rojo,convexo,fibrosa,marrón,angosta,ahusada,rosa,evanescente,dos,negro,agrupada,pastizal,no,marrón,seca,3.7,2.0
venenoso,picante,verde,nudoso,lisa,morado,ancha,agrandada,rosa,ninguno,dos,marrón,dispersa,senderos,no,blanco,húmeda,6.4,4.9
venenoso,picante,verde,cónico,fibrosa,blanco,ancha,agrandada,gris,colgante,uno,marrón,dispersa,urbano,sí,blanco,seca,6.4,3.8
comestible,fétido,verde,hundido,fibrosa,rosa,ancha,agrandada,blanco,grande,ninguno,negro,solitaria,urbano,no,naranja,húmeda,4.3,6.5
comestible,creosota,amarillo,hundido,estriada,rojo,angosta,ahusada,marrón,colgante,dos,morado,dispersa,hojas,no,naranja,viscosa,6.1,5.9
venenoso,picante,rojo,plano,fibrosa,morado,angosta,agrandada,marrón,grande,uno,café,varias,urbano,no,blanco,húmeda,7.5,10.4
venenoso,picante,verde,campana,lisa,negro,ancha,agrandada,blanco,evanescente,ninguno,verde,abundante,hojas,no,blanco,húmeda,4.1,10.3
comestible,fétido,verde,cónico,lisa,rojo,ancha,agrandada,rosa,evanescente,dos,blanco,varias,hojas,sí,naranja,viscosa,6.9,2.9
venenoso,picante,amarillo,plano,estriada,negro,angosta,agrandada,blanco,grande,dos,negro,dispersa,pastizal,sí,naranja,viscosa,7.1,10.8
comestible,ninguno,verde,cónico,lisa,morado,angosta,ahusada,canela,grande,uno,verde,solitaria,urbano,sí,naranja,viscosa,9.2,10.6
venenoso,pescado,canela,convexo,escamosa,gris,angosta,ahusada,blanco,ninguno,uno,morado,varias,desechos,sí,naranja,viscosa,5.1,7.2
venenoso,mohoso,marrón,convexo,lisa,marrón,angosta,agrandada,canela,colgante,dos,negro,solitaria,senderos,sí,naranja,húmeda,5.8,9.5
comestible,almendra,rojo,cónico,escamosa,blanco,angosta,ahusada,rosa,evanescente,uno,marrón,numerosa,pastizal,sí,blanco,húmeda,2.8,6.3
comestible,ninguno,gris,nudoso,estriada,verde,angosta,agrandada,gris,evanescente,ninguno,marrón,abundante,desechos,sí,naranja,viscosa,6.7,6.7
venenoso,picante,amarillo,campana,lisa,rosa,ancha,agrandada,rosa,ninguno,uno,morado,dispersa,desechos,sí,naranja,viscosa,3.0,6.3
comestible,anís,verde,plano,estriada,morado,ancha,agrandada,canela,grande,uno,morado,agrupada,urbano,no,blanco,viscosa,1.7,6.8
comestible,ninguno,amarillo,cónico,lisa,negro,angosta,ahusada,canela,colgante,uno,café,agrupada,pastizal,no,naranja,seca,5.9,5.1
venenoso,anís,amarillo,cónico,escamosa,rojo,angosta,ahusada,rosa,evanescente,uno,verde,abundante,bosque,no,naranja,viscosa,6.2,6.4
comestible,anís,amarillo,convexo,fibrosa,verde,ancha,agrandada,blanco,grande,dos,verde,solitaria,pastizal,no,naranja,húmeda,6.5,5.7
venenoso,creosota,gris,cónico,estriada,rosa,angosta,ahusada,blanco,colgante,uno,negro,varias,hojas,sí,blanco,seca,6.4,3.7
venenoso,picante,rojo,hundido,escamosa,negro,angosta,ahusada,marrón,grande,uno,morado,numerosa,hojas,sí,marrón,seca,12.4,10.4
venenoso,ninguno,rojo,hundido,fibrosa,negro,angosta,ahusada,blanco,colgante,uno,verde,abundante,hojas,no,marrón,húmeda,5.0,14.3
comestible,almendra,blanco,cónico,estriada,morado,angosta,agrandada,gris,ninguno,uno,marrón,abundante,desechos,no,marrón,viscosa,6.1,6.5
venenoso,almendra,gris,cónico,escamosa,rosa,ancha,agrandada,blanco,grande,ninguno,verde,varias,hojas,no,blanco,seca,2.2,8.0
comestible,almendra,marrón,hundido,estriada,verde,angosta,agrandada,blanco,colgante,uno,café,abundante,bosque,no,blanco,seca,2.6,5.5
comestible,anís,marrón,campana,fibrosa,blanco,angosta,agrandada,marrón,colgante,ninguno,marrón,abundante,bosque,no,blanco,viscosa,4.0,4.9
venenoso,picante,rojo,plano,estriada,marrón,angosta,ahusada,gris,evanescente,dos,morado,numerosa,hojas,no,naranja,seca,4.1,9.1
venenoso,fétido,canela,hundido,fibrosa,verde,angosta,agrandada,gris,colgante,uno,marrón,agrupada,senderos,sí,naranja,viscosa,7.4,2.3
venenoso,mohoso,blanco,hundido,fibrosa,rosa,angosta,ahusada,blanco,evanescente,ninguno,verde,varias,hojas,sí,marrón,viscosa,7.5,6.7
venenoso,creosota,gris,nudoso,lisa,verde,angosta,ahusada,rosa,grande,dos,negro,numerosa,desechos,no,naranja,viscosa,8.0,5.8
venenoso,picante,marrón,hundido,estriada,marrón,ancha,ahusada,blanco,colgante,uno,morado,agrupada,hojas,no,naranja,viscosa,6.5,10.8
venenoso,anís,verde,nudoso,fibrosa,rojo,ancha,ahusada,rosa,grande,ninguno,blanco,numerosa,senderos,no,blanco,húmeda,6.1,7.4
comestible,creosota,rojo,campana,lisa,marrón,ancha,agrandada,rosa,colgante,ninguno,café,abundante,hojas,sí,naranja,seca,5.4,4.3
venenoso,fétido,blanco,cónico,lisa,gris,angosta,ahusada,blanco,ninguno,dos,café,solitaria,pastizal,sí,blanco,húmeda,7.8,7.7
venenoso,mohoso,rosa,campana,estriada,morado,ancha,agrandada,rosa,grande,dos,marrón,agrupada,bosque,no,naranja,húmeda,2.9,10.1
venenoso,creosota,verde,cónico,estriada,verde,ancha,agrandada,marrón,grande,uno,morado,numerosa,bosque,sí,naranja,húmeda,6.3,4.9
venenoso,mohoso,blanco,convexo,estriada,blanco,ancha,agrandada,gris,grande,uno,verde,agrupada,senderos,no,blanco,húmeda,2.1,7.9
comestible,fétido,rojo,hundido,estriada,blanco,ancha,ahusada,marrón,evanescente,uno,marrón,solitaria,senderos,no,naranja,húmeda,8.9,7.8
comestible,ninguno,marrón,campana,escamosa,rosa,angosta,ahusada,marrón,grande,uno,blanco,varias,pastizal,sí,naranja,viscosa,5.6,5.7
comestible,ninguno,marrón,cónico,escamosa,morado,angosta,ahusada,rosa,colgante,dos,negro,varias,urbano,sí,marrón,seca,3.0,3.7
venenoso,creosota,verde,nudoso,escamosa,rosa,ancha,agrandada,marrón,evanescente,uno,café,agrupada,urbano,no,marrón,seca,2.7,8.0
venenoso,picante,blanco,cónico,fibrosa,negro,angosta,agrandada,marrón,colgante,uno,marrón,varias,bosque,no,naranja,viscosa,4.6,10.1
venenoso,fétido,rosa,nudoso,estriada,rosa,ancha,ahusada,gris,ninguno,uno,blanco,abundante,hojas,no,naranja,viscosa,4.4,8.1
comestible,pescado,rosa,cónico,estriada,verde,angosta,agrandada,blanco,colgante,ninguno,negro,numerosa,senderos,no,marrón,viscosa,7.8,9.7
venenoso,pescado,verde,campana,estriada,rosa,ancha,agrandada,blanco,evanescente,dos,blanco,agrupada,pastizal,no,naranja,húmeda,4.1,8.1
venenoso,almendra,canela,convexo,fibrosa,gris,angosta,ahusada,canela,ninguno,uno,verde,varias,hojas,no,blanco,viscosa,4.2,9.1
venenoso,anís,rosa,nudoso,lisa,marrón,angosta,agrandada,canela,evanescente,ninguno,blanco,solitaria,senderos,no,naranja,húmeda,6.2,5.5
venenoso,anís,amarillo,cónico,escamosa,rojo,ancha,agrandada,gris,ninguno,dos,verde,solitaria,bosque,no,blanco,viscosa,6.5,6.9
comestible,anís,amarillo,nudoso,estriada,negro,angosta,agrandada,marrón,grande,uno,blanco,numerosa,senderos,no,marrón,viscosa,5.6,9.4
venenoso,mohoso,rojo,convexo,escamosa,negro,angosta,ahusada,rosa,colgante,ninguno,morado,varias,desechos,no,marrón,húmeda,4.9,4.8
venenoso,ninguno,verde,cónico,fibrosa,gris,angosta,agrandada,marrón,grande,dos,blanco,agrupada,hojas,sí,naranja,húmeda,1.0,5.8
comestible,ninguno,canela,campana,estriada,rojo,angosta,ahusada,blanco,grande,uno,café,dispersa,senderos,sí,marrón,viscosa,6.6,6.9
venenoso,pescado,marrón,cónico,fibrosa,gris,ancha,ahusada,canela,ninguno,uno,morado,solitaria,bosque,no,naranja,seca,4.1,6.1
venenoso,mohoso,rojo,hundido,lisa,morado,ancha,ahusada,canela,colgante,uno,morado,solitaria,senderos,no,blanco,viscosa,7.6,6.3
venenoso,creosota,rojo,campana,escamosa,rosa,angosta,ahusada,marrón,ninguno,ninguno,verde,numerosa,desechos,no,marrón,seca,6.2,2.7
comestible,picante,rojo,nudoso,fibrosa,rojo,ancha,ahusada,marrón,evanescente,uno,blanco,abundante,pastizal,sí,naranja,húmeda,7.7,13.3
venenoso,creosota,canela,hundido,estriada,gris,ancha,ahusada,canela,evanescente,uno,blanco,varias,pastizal,sí,blanco,viscosa,5.9,8.9
venenoso,creosota,amarillo,cónico,escamosa,morado,angosta,ahusada,blanco,grande,uno,café,numerosa,pastizal,sí,naranja,húmeda,7.4,9.3
comestible,creosota,canela,plano,fibrosa,rojo,ancha,agrandada,blanco,grande,ninguno,blanco,abundante,bosque,sí,blanco,húmeda,6.0,7.5
venenoso,anís,blanco,campana,escamosa,gris,ancha,agrandada,marrón,grande,uno,morado,agrupada,bosque,sí,blanco,húmeda,9.4,13.3
venenoso,mohoso,canela,convexo,estriada,rosa,angosta,ahusada,gris,ninguno,dos,blanco,abundante,pastizal,no,naranja,seca,4.1,7.5
comestible,ninguno,marrón,cónico,lisa,rojo,ancha,ahusada,marrón,grande,uno,marrón,abundante,urbano,no,blanco,viscosa,3.7,4.8
venenoso,creosota,gris,campana,fibrosa,rosa,ancha,ahusada,blanco,ninguno,dos,negro,abundante,bosque,no,marrón,seca,6.9,8.4
venenoso,picante,gris,cónico,lisa,marrón,ancha,ahusada,blanco,ninguno,ninguno,negro,dispersa,bosque,sí,blanco,viscosa,5.7,5.9
venenoso,almendra,rosa,convexo,fibrosa,verde,angosta,ahusada,rosa,evanescente,uno,blanco,varias,desechos,no,marrón,húmeda,7.8,4.4
venenoso,creosota,canela,hundido,lisa,gris,angosta,agrandada,canela,ninguno,dos,café,agrupada,urbano,sí,marrón,húmeda,6.7,3.6
venenoso,picante,marrón,plano,fibrosa,blanco,angosta,ahusada,rosa,colgante,uno,café,numerosa,desechos,sí,naranja,seca,8.4,7.6
venenoso,almendra,verde,plano,estriada,verde,angosta,ahusada,rosa,grande,uno,marrón,abundante,bosque,sí,marrón,viscosa,6.2,9.8
comestible,almendra,amarillo,campana,lisa,gris,ancha,agrandada,canela,ninguno,ninguno,blanco,solitaria,senderos,sí,naranja,húmeda,3.1,9.1
comestible,anís,marrón,cónico,escamosa,rosa,angosta,ahusada,gris,grande,ninguno,blanco,varias,senderos,no,blanco,húmeda,6.4,7.6
comestible,fétido,gris,plano,lisa,negro,angosta,ahusada,canela,grande,dos,marrón,numerosa,hojas,no,naranja,húmeda,3.5,8.0
comestible,anís,verde,plano,estriada,rosa,ancha,agrandada,blanco,grande,dos,blanco,agrupada,senderos,no,blanco,húmeda,3.9,6.5
venenoso,pescado,blanco,hundido,escamosa,gris,angosta,agrandada,canela,grande,ninguno,verde,numerosa,urbano,no,naranja,seca,4.4,11.8
comestible,fétido,amarillo,nudoso,fibrosa,rosa,angosta,ahusada,rosa,ninguno,ninguno,café,dispersa,urbano,no,naranja,húmeda,4.8,6.1
comestible,mohoso,gris,hundido,lisa,verde,ancha,agrandada,canela,ninguno,dos,morado,abundante,urbano,sí,marrón,seca,8.2,8.3
venenoso,creosota,canela,convexo,estriada,verde,angosta,ahusada,rosa,ninguno,ninguno,morado,varias,pastizal,sí,blanco,viscosa,3.3,8.4
comestible,almendra,gris,hundido,fibrosa,rojo,ancha,agrandada,blanco,evanescente,dos,café,agrupada,bosque,sí,blanco,húmeda,7.4,8.1
venenoso,ninguno,verde,nudoso,escamosa,verde,ancha,ahusada,rosa,ninguno,dos,morado,dispersa,bosque,sí,blanco,viscosa,8.2,5.2
comestible,picante,rosa,nudoso,lisa,marrón,ancha,ahusada,marrón,colgante,uno,negro,agrupada,pastizal,sí,blanco,húmeda,7.2,6.1
venenoso,mohoso,gris,hundido,fibrosa,negro,angosta,ahusada,gris,ninguno,uno,blanco,abundante,hojas,sí,naranja,seca,7.3,11.9
venenoso,picante,verde,plano,fibrosa,morado,angosta,ahusada,canela,colgante,dos,negro,numerosa,bosque,no,blanco,húmeda,5.7,9.0
venenoso,mohoso,canela,hundido,estriada,marrón,ancha,ahusada,marrón,evanescente,uno,blanco,numerosa,hojas,sí,naranja,seca,8.0,5.9
comestible,almendra,marrón,hundido,estriada,rojo,angosta,ahusada,blanco,evanescente,uno,morado,dispersa,pastizal,no,naranja,viscosa,5.0,4.9
venenoso,pescado,marrón,hundido,fibrosa,gris,ancha,ahusada,canela,colgante,ninguno,morado,abundante,senderos,no,blanco,húmeda,7.9,4.7
comestible,ninguno,amarillo,hundido,escamosa,gris,angosta,ahusada,blanco,colgante,dos,café,agrupada,pastizal,no,marrón,viscosa,7.4,8.8
comestible,creosota,rosa,cónico,fibrosa,morado,angosta,agrandada,canela,evanescente,uno,negro,dispersa,urbano,sí,marrón,viscosa,5.7,5.6
venenoso,fétido,rojo,hundido,lisa,negro,angosta,ahusada,canela,ninguno,uno,negro,varias,hojas,sí,marrón,viscosa,4.0,5.0
venenoso,pescado,blanco,cónico,estriada,blanco,angosta,ahusada,rosa,colgante,dos,café,abundante,urbano,sí,blanco,seca,3.6,10.6
venenoso,picante,rosa,campana,fibrosa,marrón,angosta,ahusada,marrón,ninguno,uno,blanco,agrupada,pastizal,sí,marrón,viscosa,7.2,9.9
venenoso,picante,canela,campana,fibrosa,marrón,ancha,agrandada,gris,grande,dos,morado,solitaria,hojas,sí,naranja,seca,6.2,8.1
venenoso,creosota,blanco,campana,fibrosa,gris,ancha,ahusada,gris,ninguno,uno,marrón,numerosa,urbano,sí,marrón,seca,4.2,5.2
comestible,almendra,rosa,campana,fibrosa,marrón,angosta,agrandada,gris,ninguno,uno,blanco,numerosa,urbano,sí,naranja,viscosa,6.2,6.5
venenoso,pescado,canela,cónico,estriada,rojo,angosta,ahusada,rosa,grande,ninguno,blanco,abundante,bosque,no,naranja,viscosa,1.0,3.9
venenoso,ninguno,rojo,campana,estriada,blanco,ancha,agrandada,marrón,evanescente,ninguno,verde,abundante,urbano,sí,blanco,viscosa,8.9,11.2
venenoso,mohoso,amarillo,campana,estriada,marrón,ancha,agrandada,blanco,evanescente,dos,verde,solitaria,desechos,no,marrón,viscosa,4.4,8.7
comestible,almendra,amarillo,nudoso,escamosa,rosa,ancha,agrandada,marrón,grande,dos,verde,agrupada,pastizal,sí,blanco,viscosa,7.0,7.5
comestible,pescado,rojo,nudoso,estriada,rosa,angosta,ahusada,blanco,evanescente,ninguno,marrón,numerosa,hojas,no,marrón,húmeda,6.0,9.9
comestible,fétido,verde,plano,escamosa,rojo,ancha,ahusada,marrón,colgante,dos,marrón,solitaria,bosque,no,naranja,húmeda,6.3,9.1
venenoso,fétido,gris,hundido,escamosa,marrón,ancha,agrandada,gris,ninguno,uno,morado,numerosa,desechos,no,marrón,seca,7.6,8.7
comestible,picante,gris,nudoso,escamosa,rosa,angosta,agrandada,blanco,grande,uno,negro,dispersa,urbano,sí,naranja,seca,6.0,8.7
comestible,almendra,rosa,campana,lisa,rosa,angosta,agrandada,rosa,colgante,dos,marrón,abundante,desechos,no,naranja,seca,8.5,5.9
comestible,pescado,blanco,campana,fibrosa,gris,ancha,ahusada,blanco,grande,ninguno,morado,varias,desechos,sí,naranja,húmeda,9.0,3.4
venenoso,anís,marrón,campana,fibrosa,blanco,ancha,ahusada,rosa,evanescente,uno,morado,agrupada,bosque,no,naranja,húmeda,7.9,6.1
venenoso,picante,gris,campana,estriada,marrón,ancha,ahusada,gris,colgante,ninguno,blanco,agrupada,hojas,sí,blanco,húmeda,8.7,8.0
comestible,ninguno,canela,campana,lisa,rojo,angosta,ahusada,rosa,evanescente,uno,café,solitaria,bosque,no,blanco,seca,10.8,6.8
venenoso,almendra,verde,hundido,fibrosa,morado,angosta,ahusada,canela,colgante,ninguno,morado,abundante,pastizal,sí,naranja,húmeda,4.7,11.3
venenoso,pescado,gris,nudoso,lisa,rosa,ancha,agrandada,gris,ninguno,ninguno,verde,dispersa,desechos,sí,blanco,seca,9.6,5.4
comestible,fétido,amarillo,campana,estriada,morado,angosta,agrandada,blanco,evanescente,uno,café,numerosa,urbano,no,naranja,seca,6.0,7.3
comestible,pescado,amarillo,plano,escamosa,gris,ancha,ahusada,marrón,ninguno,ninguno,blanco,numerosa,desechos,no,blanco,seca,3.8,6.5
comestible,fétido,amarillo,convexo,lisa,verde,ancha,agrandada,blanco,ninguno,dos,negro,varias,pastizal,sí,blanco,viscosa,8.9,7.6
comestible,almendra,verde,campana,escamosa,gris,ancha,agrandada,gris,ninguno,uno,marrón,numerosa,urbano,sí,naranja,seca,5.6,5.0
comestible,ninguno,rosa,campana,escamosa,rosa,ancha,agrandada,gris,evanescente,dos,negro,abundante,desechos,no,naranja,seca,4.3,5.7
comestible,pescado,gris,campana,escamosa,morado,ancha,ahusada,marrón,ninguno,uno,marrón,agrupada,urbano,sí,naranja,viscosa,5.5,3.5
venenoso,creosota,marrón,cónico,lisa,gris,angosta,ahusada,blanco,grande,ninguno,morado,agrupada,bosque,sí,blanco,seca,3.5,6.3
comestible,pescado,canela,plano,lisa,morado,angosta,ahusada,marrón,ninguno,dos,café,varias,desechos,no,blanco,húmeda,7.4,9.6
venenoso,mohoso,rojo,nudoso,lisa,morado,angosta,ahusada,gris,ninguno,uno,negro,varias,bosque,no,naranja,húmeda,6.3,9.8
comestible,pescado,amarillo,nudoso,fibrosa,gris,ancha,agrandada,canela,colgante,uno,negro,agrupada,desechos,sí,blanco,viscosa,6.9,5.4
venenoso,mohoso,rojo,nudoso,lisa,gris,ancha,agrandada,marrón,evanescente,uno,marrón,agrupada,hojas,sí,marrón,viscosa,5.1,2.5
venenoso,ninguno,amarillo,plano,estriada,negro,angosta,ahusada,blanco,ninguno,dos,verde,agrupada,pastizal,sí,marrón,viscosa,8.1,8.8
venenoso,pescado,rosa,nudoso,estriada,rosa,angosta,ahusada,gris,ninguno,ninguno,verde,varias,bosque,no,naranja,seca,4.9,10.8
comestible,almendra,verde,hundido,fibrosa,rojo,angosta,ahusada,blanco,grande,ninguno,negro,numerosa,pastizal,no,blanco,seca,7.6,8.8
venenoso,creosota,canela,cónico,escamosa,gris,ancha,agrandada,marrón,evanescente,dos,café,solitaria,senderos,no,naranja,seca,3.6,7.0
comestible,pescado,rosa,plano,fibrosa,negro,ancha,ahusada,blanco,ninguno,ninguno,blanco,solitaria,desechos,sí,blanco,viscosa,7.9,5.8
comestible,mohoso,rosa,plano,estriada,negro,ancha,agrandada,gris,evanescente,dos,blanco,agrupada,urbano,sí,naranja,viscosa,5.0,7.4
comestible,almendra,marrón,hundido,lisa,verde,angosta,ahusada,gris,ninguno,dos,café,varias,hojas,sí,naranja,húmeda,5.5,3.2
venenoso,creosota,rosa,plano,estriada,marrón,angosta,ahusada,gris,grande,dos,café,abundante,senderos,no,naranja,viscosa,9.9,9.1
venenoso,pescado,rosa,plano,lisa,rosa,ancha,ahusada,blanco,colgante,ninguno,negro,abundante,urbano,sí,marrón,seca,7.1,9.1
venenoso,fétido,gris,plano,escamosa,rojo,ancha,agrandada,canela,ninguno,uno,blanco,dispersa,bosque,no,blanco,seca,8.2,5.5
venenoso,ninguno,rosa,campana,fibrosa,negro,angosta,ahusada,rosa,colgante,uno,morado,abundante,bosque,no,marrón,seca,7.3,6.3
venenoso,picante,gris,cónico,lisa,verde,angosta,ahusada,canela,grande,uno,verde,solitaria,desechos,sí,naranja,viscosa,6.4,7.2
comestible,anís,amarillo,plano,estriada,gris,angosta,agrandada,canela,colgante,dos,marrón,varias,pastizal,no,blanco,seca,3.3,5.3
comestible,anís,canela,plano,lisa,morado,ancha,agrandada,rosa,colgante,dos,negro,solitaria,desechos,no,blanco,viscosa,8.2,8.5
venenoso,fétido,gris,hundido,estriada,rojo,angosta,ahusada,canela,ninguno,uno,marrón,varias,desechos,no,naranja,húmeda,8.0,7.1
comestible,anís,canela,convexo,fibrosa,rosa,ancha,agrandada,gris,ninguno,dos,café,abundante,urbano,sí,naranja,húmeda,6.9,4.7
venenoso,creosota,verde,cónico,escamosa,rosa,angosta,ahusada,rosa,evanescente,uno,verde,varias,desechos,no,blanco,seca,7.3,8.2
comestible,fétido,blanco,plano,escamosa,blanco,ancha,agrandada,marrón,ninguno,dos,morado,solitaria,senderos,sí,blanco,húmeda,5.5,3.3
venenoso,ninguno,verde,plano,escamosa,rojo,ancha,ahusada,marrón,colgante,dos,verde,solitaria,urbano,sí,marrón,seca,8.5,4.1
venenoso,picante,gris,cónico,escamosa,blanco,ancha,ahusada,rosa,evanescente,uno,café,solitaria,hojas,sí,blanco,seca,2.7,8.0
comestible,almendra,canela,convexo,escamosa,rosa,ancha,ahusada,blanco,colgante,dos,negro,varias,urbano,no,blanco,húmeda,3.6,7.1
comestible,pescado,rosa,nudoso,estriada,gris,ancha,agrandada,rosa,ninguno,ninguno,café,varias,urbano,sí,marrón,seca,5.1,9.0
venenoso,creosota,marrón,plano,estriada,blanco,angosta,ahusada,rosa,colgante,ninguno,verde,dispersa,urbano,sí,naranja,seca,7.3,9.1
venenoso,creosota,rojo,plano,fibrosa,morado,ancha,ahusada,marrón,evanescente,uno,blanco,dispersa,desechos,sí,naranja,seca,5.5,6.9
venenoso,picante,rojo,cónico,escamosa,morado,ancha,ahusada,canela,colgante,uno,blanco,varias,urbano,sí,naranja,viscosa,3.4,5.6
venenoso,picante,rojo,campana,fibrosa,rosa,ancha,agrandada,blanco,colgante,dos,morado,solitaria,desechos,no,naranja,húmeda,5.5,8.3
venenoso,picante,rojo,hundido,lisa,blanco,angosta,ahusada,canela,evanescente,dos,café,solitaria,hojas,no,marrón,seca,5.7,5.4
comestible,anís,gris,convexo,lisa,morado,ancha,agrandada,canela,ninguno,dos,morado,varias,urbano,sí,naranja,seca,8.1,8.0
comestible,pescado,canela,convexo,lisa,marrón,angosta,ahusada,marrón,ninguno,dos,verde,abundante,senderos,no,blanco,húmeda,5.8,7.7
comestible,anís,blanco,convexo,lisa,blanco,ancha,agrandada,rosa,colgante,dos,morado,varias,senderos,sí,blanco,seca,7.6,10.7
comestible,picante,gris,plano,estriada,gris,ancha,agrandada,rosa,grande,dos,café,dispersa,desechos,sí,blanco,húmeda,1.3,5.0
venenoso,pescado,rojo,cónico,fibrosa,negro,angosta,ahusada,gris,ninguno,ninguno,morado,agrupada,urbano,sí,naranja,viscosa,8.1,5.7
comestible,almendra,marrón,cónico,escamosa,gris,angosta,agrandada,blanco,grande,ninguno,café,varias,senderos,no,marrón,seca,5.7,6.5
comestible,fétido,marrón,cónico,estriada,negro,angosta,ahusada,gris,evanescente,dos,blanco,solitaria,hojas,no,marrón,viscosa,5.7,10.8
venenoso,creosota,amarillo,hundido,fibrosa,blanco,ancha,agrandada,canela,evanescente,uno,morado,numerosa,urbano,sí,marrón,seca,6.3,8.3
venenoso,creosota,rosa,hundido,escamosa,negro,angosta,ahusada,canela,colgante,ninguno,blanco,abundante,hojas,no,marrón,viscosa,6.5,7.8
venenoso,almendra,blanco,convexo,fibrosa,morado,angosta,ahusada,canela,colgante,dos,café,solitaria,desechos,sí,blanco,viscosa,7.3,5.3
venenoso,picante,rojo,campana,fibrosa,blanco,ancha,agrandada,marrón,evanescente,dos,morado,abundante,pastizal,no,naranja,húmeda,10.0,3.5
comestible,ninguno,marrón,plano,estriada,marrón,ancha,ahusada,marrón,ninguno,uno,blanco,dispersa,urbano,no,marrón,viscosa,5.5,10.0
comestible,picante,rojo,nudoso,lisa,blanco,ancha,ahusada,marrón,colgante,ninguno,café,varias,pastizal,sí,marrón,viscosa,2.5,2.6
venenoso,fétido,marrón,plano,estriada,negro,angosta,agrandada,gris,grande,uno,café,varias,desechos,no,blanco,seca,7.6,7.7
comestible,pescado,gris,plano,lisa,negro,angosta,agrandada,canela,evanescente,dos,café,agrupada,senderos,sí,naranja,húmeda,6.3,9.5
comestible,almendra,gris,plano,fibrosa,gris,angosta,ahusada,rosa,grande,ninguno,blanco,agrupada,pastizal,sí,blanco,viscosa,5.0,7.1
venenoso,fétido,canela,cónico,escamosa,rosa,angosta,agrandada,blanco,colgante,dos,marrón,solitaria,hojas,sí,marrón,viscosa,4.9,7.7
venenoso,creosota,canela,cónico,lisa,verde,angosta,agrandada,canela,evanescente,dos,verde,agrupada,bosque,no,marrón,húmeda,5.1,6.3
venenoso,fétido,rosa,nudoso,fibrosa,marrón,ancha,agrandada,blanco,evanescente,dos,marrón,dispersa,hojas,no,naranja,viscosa,7.1,9.5
comestible,ninguno,gris,campana,fibrosa,marrón,ancha,agrandada,gris,grande,uno,verde,solitaria,pastizal,sí,naranja,húmeda,4.0,8.1
comestible,ninguno,marrón,convexo,escamosa,marrón,ancha,agrandada,rosa,grande,dos,café,agrupada,hojas,no,naranja,viscosa,7.0,10.9
comestible,pescado,marrón,convexo,fibrosa,gris,ancha,agrandada,canela,colgante,uno,negro,numerosa,pastizal,sí,naranja,viscosa,7.0,7.7
comestible,creosota,verde,campana,estriada,verde,ancha,ahusada,gris,colgante,dos,negro,abundante,pastizal,no,naranja,viscosa,6.0,13.7
comestible,anís,amarillo,nudoso,lisa,rosa,ancha,agrandada,marrón,evanescente,uno,café,varias,desechos,sí,naranja,viscosa,4.5,9.7
venenoso,picante,amarillo,hundido,estriada,rosa,ancha,agrandada,gris,grande,dos,verde,numerosa,desechos,sí,blanco,viscosa,6.7,6.5
venenoso,creosota,amarillo,convexo,estriada,rojo,ancha,ahusada,rosa,ninguno,ninguno,café,varias,hojas,sí,naranja,húmeda,4.3,6.9
venenoso,picante,gris,nudoso,fibrosa,morado,angosta,agrandada,gris,colgante,dos,verde,solitaria,pastizal,no,blanco,húmeda,5.8,7.1
comestible,ninguno,canela,plano,fibrosa,gris,ancha,agrandada,rosa,ninguno,ninguno,negro,agrupada,pastizal,no,naranja,húmeda,4.0,6.5
venenoso,mohoso,amarillo,cónico,estriada,rosa,ancha,agrandada,gris,colgante,ninguno,verde,numerosa,urbano,sí,marrón,húmeda,5.9,8.7
venenoso,creosota,amarillo,hundido,lisa,gris,angosta,agrandada,canela,colgante,uno,café,varias,desechos,sí,naranja,viscosa,7.4,5.7
venenoso,mohoso,gris,hundido,lisa,gris,angosta,ahusada,canela,grande,ninguno,verde,numerosa,bosque,no,marrón,húmeda,6.4,7.0
venenoso,picante,rosa,convexo,estriada,rosa,angosta,agrandada,canela,colgante,uno,verde,dispersa,bosque,no,marrón,viscosa,2.5,7.3
comestible,creosota,rosa,convexo,estriada,negro,ancha,ahusada,marrón,colgante,ninguno,negro,varias,pastizal,no,naranja,húmeda,9.2,7.1
comestible,anís,gris,hundido,estriada,gris,angosta,ahusada,gris,colgante,dos,café,abundante,pastizal,sí,naranja,viscosa,5.8,7.3
venenoso,mohoso,amarillo,plano,escamosa,morado,angosta,ahusada,gris,colgante,uno,verde,solitaria,desechos,no,blanco,viscosa,6.4,6.9
comestible,pescado,amarillo,plano,escamosa,morado,ancha,agrandada,rosa,grande,dos,café,agrupada,hojas,sí,marrón,húmeda,4.4,5.6
venenoso,fétido,verde,nudoso,lisa,gris,ancha,ahusada,marrón,grande,ninguno,café,abundante,urbano,sí,marrón,viscosa,7.4,3.8
comestible,pescado,blanco,convexo,estriada,blanco,ancha,ahusada,marrón,ninguno,ninguno,marrón,solitaria,desechos,no,marrón,seca,7.9,9.9
comestible,fétido,amarillo,cónico,escamosa,morado,ancha,agrandada,gris,grande,ninguno,morado,solitaria,pastizal,no,marrón,húmeda,5.4,5.6
comestible,ninguno,rojo,hundido,escamosa,gris,angosta,ahusada,blanco,evanescente,dos,marrón,abundante,urbano,sí,marrón,viscosa,7.2,8.6
venenoso,creosota,blanco,cónico,fibrosa,verde,angosta,ahusada,gris,evanescente,ninguno,morado,numerosa,senderos,no,blanco,viscosa,4.9,11.6
venenoso,fétido,verde,nudoso,lisa,rosa,ancha,ahusada,rosa,evanescente,ninguno,negro,varias,senderos,no,blanco,viscosa,2.6,7.8
venenoso,fétido,rojo,hundido,lisa,marrón,angosta,agrandada,gris,grande,ninguno,verde,dispersa,pastizal,no,naranja,húmeda,9.0,6.0
venenoso,pescado,rosa,convexo,lisa,verde,angosta,ahusada,canela,grande,uno,morado,agrupada,senderos,sí,naranja,seca,5.3,9.2
venenoso,mohoso,blanco,cónico,fibrosa,marrón,angosta,ahusada,blanco,colgante,ninguno,blanco,agrupada,pastizal,sí,blanco,húmeda,8.9,8.4
comestible,almendra,verde,hundido,estriada,morado,ancha,agrandada,gris,colgante,ninguno,marrón,solitaria,urbano,no,naranja,viscosa,7.3,4.0
comestible,ninguno,amarillo,plano,escamosa,rosa,ancha,agrandada,canela,grande,ninguno,café,abundante,bosque,no,naranja,húmeda,5.2,2.1
venenoso,fétido,blanco,campana,escamosa,verde,ancha,ahusada,blanco,ninguno,dos,marrón,dispersa,bosque,sí,blanco,húmeda,5.6,6.7
comestible,pescado,verde,convexo,fibrosa,rojo,angosta,ahusada,canela,grande,ninguno,negro,abundante,senderos,no,marrón,viscosa,7.3,6.1
comestible,ninguno,rosa,plano,estriada,morado,ancha,agrandada,canela,ninguno,uno,blanco,agrupada,urbano,sí,naranja,viscosa,11.4,6.8
comestible,anís,verde,campana,escamosa,marrón,ancha,agrandada,blanco,evanescente,dos,blanco,dispersa,bosque,no,blanco,viscosa,9.3,5.9
comestible,almendra,canela,hundido,lisa,verde,angosta,ahusada,rosa,colgante,uno,negro,solitaria,hojas,no,marrón,viscosa,4.4,7.2
comestible,pescado,canela,plano,lisa,verde,ancha,agrandada,canela,ninguno,uno,blanco,abundante,bosque,no,blanco,húmeda,6.8,9.5
comestible,mohoso,marrón,plano,escamosa,marrón,angosta,ahusada,canela,grande,ninguno,café,dispersa,desechos,sí,blanco,seca,8.4,6.1
comestible,creosota,verde,hundido,escamosa,marrón,ancha,ahusada,canela,ninguno,uno,café,dispersa,bosque,no,naranja,seca,4.9,8.6
venenoso,ninguno,canela,convexo,escamosa,rojo,angosta,ahusada,marrón,ninguno,ninguno,morado,varias,senderos,sí,blanco,húmeda,5.6,7.1
comestible,picante,canela,plano,lisa,negro,angosta,agrandada,gris,evanescente,ninguno,café,numerosa,urbano,no,naranja,seca,6.1,7.2
venenoso,mohoso,amarillo,campana,lisa,rosa,ancha,ahusada,canela,evanescente,uno,blanco,varias,urbano,sí,blanco,seca,3.4,6.8
venenoso,mohoso,verde,plano,estriada,gris,ancha,ahusada,rosa,evanescente,ninguno,negro,numerosa,senderos,sí,marrón,húmeda,7.0,6.3
venenoso,creosota,marrón,convexo,fibrosa,rosa,ancha,ahusada,marrón,grande,ninguno,verde,abundante,bosque,no,naranja,húmeda,1.4,2.2
venenoso,almendra,rosa,convexo,estriada,marrón,ancha,agrandada,blanco,grande,ninguno,verde,agrupada,bosque,sí,blanco,viscosa,11.3,8.1
venenoso,fétido,canela,plano,estriada,blanco,ancha,ahusada,rosa,evanescente,ninguno,marrón,solitaria,urbano,sí,marrón,seca,5.8,6.1
comestible,picante,gris,plano,escamosa,morado,angosta,ahusada,marrón,evanescente,dos,morado,dispersa,bosque,no,blanco,seca,5.5,9.3
comestible,anís,blanco,cónico,escamosa,blanco,angosta,ahusada,blanco,ninguno,ninguno,verde,abundante,bosque,no,marrón,viscosa,7.9,3.6
comestible,pescado,rojo,cónico,fibrosa,rosa,ancha,agrandada,gris,colgante,dos,marrón,agrupada,urbano,sí,marrón,seca,4.3,2.9
venenoso,mohoso,marrón,hundido,lisa,blanco,ancha,ahusada,rosa,colgante,dos,verde,agrupada,pastizal,no,naranja,húmeda,6.3,7.3
venenoso,picante,verde,campana,estriada,verde,ancha,ahusada,blanco,colgante,uno,marrón,dispersa,bosque,sí,naranja,seca,7.3,4.2
venenoso,ninguno,rojo,plano,escamosa,gris,angosta,ahusada,gris,ninguno,ninguno,blanco,numerosa,hojas,sí,blanco,viscosa,4.7,8.6
comestible,fétido,canela,convexo,lisa,blanco,ancha,ahusada,rosa,ninguno,dos,marrón,agrupada,desechos,no,marrón,viscosa,4.9,6.6
comestible,picante,marrón,convexo,lisa,blanco,angosta,agrandada,canela,colgante,ninguno,marrón,solitaria,pastizal,sí,naranja,húmeda,6.2,6.6
venenoso,picante,marrón,hundido,estriada,negro,ancha,ahusada,gris,evanescente,dos,marrón,agrupada,bosque,no,blanco,seca,7.3,4.8
comestible,anís,verde,convexo,lisa,rojo,angosta,ahusada,blanco,colgante,uno,morado,varias,hojas,sí,marrón,húmeda,4.3,7.1
venenoso,ninguno,verde,hundido,estriada,marrón,angosta,agrandada,canela,colgante,dos,morado,abundante,hojas,sí,naranja,seca,9.3,5.7
comestible,mohoso,amarillo,hundido,estriada,rojo,angosta,ahusada,canela,grande,ninguno,negro,varias,senderos,sí,blanco,viscosa,4.8,7.3
venenoso,pescado,verde,campana,fibrosa,marrón,angosta,ahusada,canela,evanescente,ninguno,verde,dispersa,pastizal,no,blanco,húmeda,7.7,5.5
venenoso,picante,amarillo,cónico,estriada,gris,ancha,ahusada,blanco,grande,dos,morado,numerosa,senderos,sí,blanco,seca,3.4,7.9
comestible,fétido,canela,cónico,lisa,gris,angosta,agrandada,marrón,grande,dos,marrón,numerosa,bosque,no,blanco,viscosa,3.8,7.7
venenoso,fétido,amarillo,nudoso,lisa,morado,angosta,agrandada,rosa,evanescente,ninguno,negro,dispersa,pastizal,sí,marrón,seca,9.3,10.3
venenoso,mohoso,verde,nudoso,lisa,blanco,angosta,ahusada,gris,evanescente,ninguno,blanco,solitaria,urbano,sí,marrón,seca,3.9,5.2
venenoso,fétido,canela,campana,estriada,rojo,angosta,ahusada,gris,grande,dos,morado,numerosa,bosque,no,blanco,viscosa,9.2,5.3
venenoso,picante,canela,nudoso,lisa,verde,angosta,agrandada,marrón,grande,uno,blanco,varias,urbano,no,marrón,seca,4.5,1.2
venenoso,creosota,rojo,plano,lisa,rosa,ancha,agrandada,gris,colgante,ninguno,café,dispersa,desechos,sí,blanco,viscosa,10.3,7.0
comestible,anís,canela,convexo,lisa,morado,ancha,ahusada,marrón,ninguno,dos,marrón,solitaria,desechos,no,naranja,viscosa,4.5,8.4
comestible,almendra,gris,campana,estriada,negro,ancha,agrandada,blanco,ninguno,ninguno,café,dispersa,desechos,sí,naranja,húmeda,6.6,8.4
comestible,almendra,rosa,campana,lisa,rojo,angosta,ahusada,canela,colgante,ninguno,negro,solitaria,bosque,sí,marrón,viscosa,4.5,2.5
comestible,anís,rojo,cónico,lisa,morado,angosta,agrandada,marrón,ninguno,uno,verde,agrupada,bosque,sí,marrón,seca,6.5,6.4
comestible,anís,marrón,convexo,fibrosa,negro,angosta,ahusada,rosa,ninguno,uno,marrón,dispersa,senderos,no,blanco,viscosa,4.2,7.7
venenoso,anís,marrón,convexo,escamosa,blanco,ancha,agrandada,canela,grande,dos,morado,numerosa,bosque,sí,marrón,seca,11.1,6.1
venenoso,almendra,blanco,nudoso,escamosa,negro,ancha,ahusada,canela,colgante,ninguno,verde,agrupada,urbano,sí,naranja,seca,2.1,8.1
comestible,ninguno,canela,hundido,lisa,negro,ancha,ahusada,gris,ninguno,ninguno,café,varias,pastizal,no,marrón,húmeda,4.3,4.1
venenoso,fétido,rojo,campana,lisa,rosa,ancha,ahusada,rosa,ninguno,uno,morado,numerosa,desechos,no,naranja,viscosa,3.8,6.1
venenoso,mohoso,blanco,hundido,estriada,rosa,angosta,agrandada,canela,grande,uno,negro,abundante,senderos,no,marrón,viscosa,8.5,5.3
comestible,anís,rojo,nudoso,fibrosa,negro,ancha,agrandada,marrón,grande,uno,verde,agrupada,senderos,no,naranja,húmeda,7.7,6.5
venenoso,pescado,marrón,campana,fibrosa,blanco,angosta,agrandada,marrón,grande,dos,verde,varias,senderos,sí,marrón,viscosa,4.5,5.6
comestible,anís,gris,convexo,estriada,negro,ancha,agrandada,marrón,evanescente,dos,morado,abundante,senderos,no,marrón,viscosa,6.7,7.1
comestible,picante,rojo,hundido,escamosa,verde,ancha,ahusada,marrón,ninguno,uno,marrón,abundante,senderos,no,blanco,viscosa,7.6,3.5
venenoso,pescado,blanco,convexo,escamosa,marrón,ancha,agrandada,gris,grande,uno,verde,agrupada,urbano,sí,blanco,viscosa,4.9,4.6
comestible,mohoso,rojo,convexo,estriada,rojo,ancha,agrandada,marrón,colgante,ninguno,negro,numerosa,desechos,no,blanco,seca,9.2,8.4
comestible,ninguno,canela,hundido,lisa,gris,ancha,agrandada,blanco,grande,uno,verde,numerosa,urbano,no,marrón,viscosa,6.6,8.6
venenoso,fétido,marrón,convexo,estriada,verde,ancha,agrandada,gris,colgante,dos,café,dispersa,hojas,sí,blanco,viscosa,5.0,7.9
comestible,picante,gris,cónico,fibrosa,blanco,ancha,agrandada,gris,ninguno,ninguno,negro,numerosa,senderos,sí,naranja,seca,5.0,7.6
venenoso,fétido,rojo,convexo,lisa,morado,ancha,ahusada,canela,colgante,uno,café,numerosa,urbano,no,marrón,viscosa,8.2,7.4
comestible,ninguno,marrón,hundido,fibrosa,rosa,angosta,ahusada,blanco,evanescente,ninguno,blanco,dispersa,senderos,no,naranja,viscosa,3.6,3.8
comestible,almendra,verde,hundido,estriada,rojo,ancha,agrandada,gris,ninguno,dos,café,numerosa,urbano,sí,blanco,seca,6.0,8.0
comestible,picante,amarillo,hundido,fibrosa,morado,angosta,agrandada,blanco,grande,dos,café,abundante,urbano,no,naranja,viscosa,4.0,8.9
comestible,anís,rojo,hundido,estriada,morado,ancha,agrandada,rosa,grande,uno,marrón,agrupada,senderos,sí,naranja,seca,3.6,4.1
venenoso,fétido,canela,nudoso,lisa,rosa,ancha,ahusada,marrón,ninguno,dos,blanco,numerosa,pastizal,no,naranja,húmeda,6.7,5.6
comestible,almendra,amarillo,nudoso,escamosa,rojo,angosta,ahusada,gris,colgante,ninguno,blanco,varias,senderos,no,marrón,húmeda,5.4,6.6
comestible,anís,blanco,campana,escamosa,rosa,ancha,agrandada,gris,colgante,uno,blanco,numerosa,hojas,sí,blanco,viscosa,4.6,11.7
comestible,ninguno,canela,hundido,estriada,rojo,ancha,agrandada,gris,ninguno,dos,marrón,solitaria,urbano,sí,marrón,húmeda,9.8,6.2
venenoso,pescado,verde,plano,fibrosa,gris,ancha,agrandada,blanco,ninguno,ninguno,negro,solitaria,urbano,sí,naranja,húmeda,4.7,18.2
venenoso,creosota,amarillo,plano,estriada,verde,angosta,agrandada,rosa,grande,uno,morado,abundante,pastizal,sí,blanco,seca,5.7,6.2
comestible,anís,marrón,nudoso,fibrosa,morado,angosta,agrandada,marrón,grande,dos,blanco,numerosa,hojas,sí,naranja,húmeda,7.2,11.4
venenoso,pescado,canela,convexo,lisa,rosa,ancha,agrandada,marrón,colgante,uno,morado,varias,senderos,sí,blanco,viscosa,5.1,7.5
venenoso,picante,rosa,campana,lisa,gris,angosta,ahusada,blanco,ninguno,ninguno,morado,solitaria,bosque,no,blanco,seca,4.6,9.7
venenoso,creosota,amarillo,convexo,estriada,verde,angosta,ahusada,marrón,grande,dos,blanco,agrupada,bosque,sí,naranja,húmeda,3.4,8.8
comestible,ninguno,gris,plano,escamosa,rosa,ancha,ahusada,canela,grande,uno,verde,solitaria,senderos,no,marrón,húmeda,7.8,3.6
venenoso,pescado,marrón,hundido,lisa,negro,ancha,agrandada,marrón,grande,uno,blanco,varias,desechos,sí,naranja,húmeda,6.3,5.4
venenoso,picante,rosa,convexo,estriada,marrón,angosta,ahusada,canela,grande,ninguno,negro,agrupada,pastizal,no,marrón,viscosa,4.8,5.4
comestible,almendra,rosa,campana,estriada,rojo,ancha,ahusada,canela,colgante,dos,verde,numerosa,desechos,no,marrón,húmeda,6.1,9.3
comestible,ninguno,canela,convexo,fibrosa,negro,ancha,agrandada,gris,colgante,dos,café,numerosa,urbano,sí,blanco,húmeda,4.5,3.9
venenoso,creosota,marrón,plano,escamosa,gris,angosta,ahusada,canela,grande,uno,negro,solitaria,pastizal,no,naranja,seca,6.1,5.1
venenoso,creosota,rosa,cónico,escamosa,verde,ancha,ahusada,marrón,colgante,dos,morado,dispersa,desechos,no,blanco,viscosa,3.9,6.1
comestible,anís,gris,hundido,escamosa,morado,angosta,agrandada,blanco,ninguno,uno,café,dispersa,pastizal,no,blanco,seca,7.2,6.0
venenoso,creosota,canela,cónico,lisa,verde,ancha,agrandada,marrón,grande,ninguno,verde,solitaria,desechos,sí,naranja,húmeda,5.8,6.5
venenoso,picante,amarillo,hundido,escamosa,blanco,ancha,ahusada,rosa,grande,uno,verde,varias,pastizal,sí,marrón,seca,7.2,8.8
venenoso,ninguno,gris,nudoso,estriada,gris,angosta,ahusada,canela,grande,dos,morado,agrupada,senderos,no,naranja,seca,7.0,5.0
venenoso,mohoso,canela,hundido,lisa,negro,angosta,ahusada,gris,evanescente,dos,morado,varias,hojas,sí,naranja,húmeda,7.7,6.7
venenoso,creosota,rosa,plano,estriada,blanco,ancha,agrandada,blanco,grande,dos,marrón,abundante,pastizal,sí,marrón,viscosa,6.2,1.0
comestible,anís,gris,convexo,estriada,rosa,ancha,ahusada,blanco,ninguno,dos,café,numerosa,urbano,sí,naranja,viscosa,5.3,12.1
comestible,anís,rojo,plano,escamosa,negro,ancha,ahusada,marrón,colgante,uno,blanco,dispersa,desechos,no,blanco,viscosa,5.3,7.5
venenoso,anís,rojo,convexo,lisa,marrón,angosta,ahusada,canela,evanescente,ninguno,blanco,solitaria,bosque,sí,marrón,húmeda,2.9,11.0
comestible,creosota,blanco,convexo,estriada,rosa,ancha,agrandada,marrón,evanescente,uno,café,solitaria,senderos,no,marrón,viscosa,8.6,4.1
venenoso,creosota,rosa,hundido,escamosa,rojo,angosta,ahusada,blanco,evanescente,dos,marrón,solitaria,desechos,no,naranja,húmeda,3.4,8.5
venenoso,fétido,gris,convexo,estriada,blanco,angosta,ahusada,gris,colgante,uno,morado,dispersa,senderos,no,naranja,viscosa,8.8,8.8
comestible,anís,canela,nudoso,lisa,rosa,ancha,ahusada,blanco,colgante,uno,marrón,numerosa,bosque,sí,marrón,seca,7.5,10.8
venenoso,creosota,verde,nudoso,lisa,morado,ancha,agrandada,marrón,colgante,uno,café,agrupada,senderos,sí,marrón,viscosa,8.4,14.4
venenoso,pescado,blanco,hundido,fibrosa,gris,angosta,ahusada,rosa,ninguno,uno,café,dispersa,pastizal,no,blanco,húmeda,6.2,13.0
comestible,ninguno,canela,campana,fibrosa,rojo,angosta,ahusada,gris,grande,uno,marrón,abundante,senderos,no,marrón,viscosa,8.7,9.9
comestible,picante,rojo,plano,fibrosa,verde,angosta,ahusada,blanco,colgante,uno,blanco,agrupada,pastizal,sí,blanco,seca,6.6,8.8
comestible,ninguno,verde,hundido,fibrosa,rosa,ancha,ahusada,blanco,colgante,uno,verde,dispersa,bosque,no,blanco,húmeda,8.3,7.7
venenoso,picante,gris,cónico,estriada,rosa,ancha,ahusada,gris,evanescente,uno,marrón,dispersa,senderos,no,blanco,húmeda,9.1,8.7
venenoso,fétido,blanco,nudoso,estriada,rosa,angosta,agrandada,gris,ninguno,uno,verde,numerosa,urbano,sí,marrón,húmeda,7.7,7.8
venenoso,creosota,verde,hundido,estriada,rosa,angosta,ahusada,blanco,evanescente,dos,blanco,dispersa,hojas,no,blanco,viscosa,2.3,6.9
comestible,ninguno,rosa,nudoso,escamosa,morado,angosta,agrandada,blanco,colgante,uno,café,dispersa,bosque,no,marrón,seca,4.1,3.6
venenoso,creosota,verde,convexo,fibrosa,morado,angosta,ahusada,marrón,evanescente,ninguno,café,numerosa,urbano,no,blanco,viscosa,8.8,8.1
venenoso,ninguno,rosa,nudoso,lisa,negro,angosta,agrandada,marrón,colgante,uno,negro,agrupada,senderos,sí,blanco,viscosa,7.2,4.9
comestible,almendra,verde,cónico,escamosa,rosa,angosta,ahusada,rosa,grande,dos,café,varias,pastizal,sí,blanco,seca,3.2,4.4
venenoso,almendra,amarillo,hundido,escamosa,gris,ancha,agrandada,gris,evanescente,uno,blanco,solitaria,desechos,sí,naranja,seca,6.8,5.0
comestible,almendra,marrón,campana,fibrosa,gris,ancha,agrandada,canela,ninguno,dos,café,agrupada,senderos,sí,marrón,húmeda,5.7,10.5
venenoso,picante,verde,plano,lisa,rojo,ancha,agrandada,canela,colgante,uno,negro,abundante,bosque,no,naranja,viscosa,6.5,6.3
venenoso,fétido,verde,cónico,escamosa,marrón,angosta,agrandada,gris,ninguno,ninguno,verde,varias,desechos,no,blanco,húmeda,3.7,1.0
venenoso,anís,amarillo,plano,lisa,marrón,ancha,agrandada,blanco,colgante,dos,morado,numerosa,senderos,sí,blanco,viscosa,7.1,9.4
comestible,ninguno,gris,campana,estriada,rosa,ancha,ahusada,gris,ninguno,ninguno,blanco,numerosa,senderos,no,naranja,seca,6.9,6.0
venenoso,pescado,canela,nudoso,fibrosa,gris,ancha,ahusada,marrón,ninguno,dos,café,solitaria,senderos,sí,marrón,seca,2.7,6.8
comestible,ninguno,marrón,nudoso,estriada,negro,ancha,ahusada,canela,grande,dos,blanco,abundante,bosque,sí,marrón,seca,4.6,6.5
venenoso,ninguno,rojo,plano,fibrosa,marrón,ancha,agrandada,rosa,evanescente,ninguno,café,abundante,bosque,no,marrón,seca,11.5,3.6
comestible,ninguno,amarillo,hundido,lisa,negro,angosta,ahusada,gris,colgante,ninguno,verde,dispersa,urbano,no,marrón,viscosa,7.6,7.3
comestible,almendra,gris,nudoso,lisa,verde,ancha,agrandada,rosa,evanescente,ninguno,negro,numerosa,bosque,no,blanco,seca,6.8,2.4
venenoso,anís,gris,plano,lisa,rojo,angosta,agrandada,gris,evanescente,dos,verde,agrupada,hojas,sí,blanco,viscosa,3.8,12.4
comestible,fétido,amarillo,hundido,escamosa,marrón,angosta,ahusada,rosa,colgante,uno,marrón,dispersa,desechos,no,marrón,seca,2.3,7.5
comestible,anís,verde,hundido,estriada,rojo,ancha,agrandada,blanco,evanescente,dos,café,abundante,hojas,sí,marrón,seca,7.8,7.2
venenoso,pescado,rosa,campana,escamosa,rosa,angosta,agrandada,blanco,evanescente,uno,marrón,dispersa,urbano,no,naranja,viscosa,6.3,10.2
venenoso,creosota,canela,cónico,lisa,rosa,angosta,ahusada,canela,colgante,ninguno,marrón,abundante,senderos,no,naranja,viscosa,6.6,7.4
venenoso,mohoso,gris,campana,fibrosa,gris,ancha,agrandada,rosa,colgante,dos,marrón,agrupada,hojas,sí,marrón,viscosa,2.9,9.4
venenoso,mohoso,rojo,campana,lisa,rojo,ancha,agrandada,canela,evanescente,dos,blanco,solitaria,urbano,sí,naranja,húmeda,5.5,7.5
venenoso,almendra,blanco,nudoso,escamosa,verde,ancha,ahusada,gris,colgante,uno,morado,agrupada,bosque,sí,marrón,seca,3.6,9.4
venenoso,creosota,gris,cónico,estriada,verde,angosta,ahusada,canela,grande,ninguno,morado,numerosa,bosque,no,blanco,húmeda,6.5,7.0
venenoso,pescado,rosa,nudoso,fibrosa,gris,angosta,ahusada,blanco,evanescente,uno,marrón,dispersa,bosque,sí,blanco,seca,8.4,10.7
venenoso,pescado,marrón,campana,estriada,morado,angosta,agrandada,gris,grande,dos,morado,varias,urbano,no,blanco,húmeda,6.6,1.1
comestible,almendra,marrón,plano,estriada,rosa,angosta,ahusada,blanco,evanescente,uno,blanco,dispersa,urbano,sí,blanco,viscosa,5.4,8.1
comestible,almendra,amarillo,cónico,escamosa,rosa,ancha,ahusada,marrón,grande,dos,negro,varias,bosque,no,blanco,viscosa,8.0,3.3
comestible,fétido,marrón,hundido,estriada,negro,angosta,agrandada,rosa,evanescente,uno,café,dispersa,bosque,no,marrón,húmeda,4.4,5.0
venenoso,creosota,gris,hundido,estriada,verde,ancha,ahusada,canela,ninguno,dos,morado,abundante,hojas,no,marrón,seca,3.0,10.7
comestible,creosota,rojo,hundido,escamosa,gris,angosta,ahusada,blanco,colgante,ninguno,negro,varias,senderos,no,naranja,húmeda,4.3,6.4
venenoso,fétido,rojo,plano,lisa,rosa,ancha,agrandada,gris,colgante,uno,morado,varias,desechos,sí,blanco,húmeda,8.8,9.2
venenoso,fétido,rojo,hundido,estriada,blanco,ancha,agrandada,canela,evanescente,dos,café,solitaria,senderos,sí,marrón,húmeda,4.6,4.6
venenoso,almendra,marrón,campana,escamosa,rojo,angosta,ahusada,marrón,ninguno,ninguno,marrón,abundante,bosque,sí,blanco,húmeda,7.8,6.0
venenoso,creosota,blanco,nudoso,lisa,marrón,angosta,ahusada,gris,grande,dos,morado,abundante,pastizal,sí,blanco,húmeda,4.3,11.5
venenoso,fétido,verde,hundido,fibrosa,gris,ancha,agrandada,gris,ninguno,dos,morado,abundante,senderos,sí,marrón,húmeda,8.4,4.8
venenoso,fétido,verde,cónico,fibrosa,verde,angosta,ahusada,gris,ninguno,ninguno,marrón,agrupada,desechos,sí,naranja,seca,5.3,9.5
venenoso,anís,gris,convexo,estriada,blanco,ancha,agrandada,canela,ninguno,dos,morado,agrupada,urbano,no,blanco,húmeda,4.4,8.2
comestible,creosota,verde,plano,estriada,rojo,ancha,agrandada,gris,colgante,uno,café,abundante,senderos,sí,naranja,viscosa,6.7,7.9
comestible,ninguno,blanco,hundido,escamosa,gris,angosta,ahusada,canela,grande,dos,café,dispersa,desechos,sí,naranja,húmeda,3.1,7.1
venenoso,fétido,blanco,convexo,estriada,verde,angosta,ahusada,canela,colgante,dos,blanco,abundante,bosque,no,marrón,viscosa,8.9,10.7
venenoso,pescado,amarillo,convexo,fibrosa,morado,angosta,ahusada,blanco,evanescente,ninguno,morado,varias,urbano,no,marrón,seca,9.7,9.7
comestible,pescado,gris,cónico,estriada,rojo,angosta,agrandada,gris,evanescente,uno,blanco,varias,senderos,no,blanco,seca,8.4,8.3
venenoso,picante,rojo,convexo,fibrosa,rojo,ancha,agrandada,gris,colgante,dos,negro,varias,bosque,sí,blanco,húmeda,4.9,5.6
comestible,creosota,rosa,convexo,estriada,blanco,ancha,ahusada,marrón,colgante,uno,negro,dispersa,senderos,sí,naranja,húmeda,9.5,2.8
comestible,anís,amarillo,plano,fibrosa,rojo,angosta,agrandada,canela,grande,uno,morado,abundante,desechos,no,marrón,seca,4.9,4.9
venenoso,pescado,rosa,nudoso,escamosa,negro,ancha,ahusada,rosa,colgante,uno,morado,numerosa,hojas,sí,marrón,húmeda,4.4,5.6
venenoso,ninguno,rojo,convexo,lisa,rosa,ancha,agrandada,rosa,evanescente,dos,verde,solitaria,hojas,no,naranja,húmeda,9.8,10.4
comestible,ninguno,rosa,convexo,escamosa,morado,ancha,agrandada,canela,colgante,dos,verde,dispersa,bosque,sí,blanco,viscosa,10.9,10.4
venenoso,mohoso,marrón,plano,escamosa,morado,ancha,agrandada,blanco,grande,ninguno,blanco,varias,bosque,no,marrón,húmeda,7.7,6.0
comestible,almendra,canela,plano,fibrosa,verde,angosta,ahusada,gris,evanescente,ninguno,blanco,dispersa,pastizal,no,blanco,viscosa,8.5,7.2
venenoso,mohoso,rojo,hundido,lisa,gris,ancha,ahusada,canela,ninguno,dos,marrón,solitaria,senderos,sí,naranja,viscosa,5.7,6.6
comestible,ninguno,gris,convexo,fibrosa,verde,ancha,ahusada,canela,ninguno,dos,morado,abundante,senderos,sí,naranja,seca,4.4,8.4
venenoso,mohoso,gris,plano,escamosa,marrón,angosta,ahusada,rosa,ninguno,dos,marrón,numerosa,hojas,no,naranja,viscosa,3.0,12.5
venenoso,creosota,canela,campana,fibrosa,gris,angosta,ahusada,canela,ninguno,ninguno,marrón,agrupada,urbano,no,naranja,viscosa,6.9,7.8
comestible,anís,rojo,cónico,lisa,rosa,ancha,ahusada,canela,evanescente,dos,marrón,abundante,pastizal,no,blanco,viscosa,3.8,5.3
comestible,almendra,amarillo,nudoso,escamosa,gris,ancha,ahusada,blanco,colgante,uno,morado,abundante,pastizal,sí,blanco,húmeda,7.5,8.7
venenoso,creosota,marrón,hundido,lisa,blanco,ancha,agrandada,rosa,colgante,ninguno,café,numerosa,urbano,sí,blanco,húmeda,8.1,9.6
comestible,mohoso,gris,plano,fibrosa,gris,ancha,ahusada,marrón,evanescente,dos,café,numerosa,senderos,sí,blanco,húmeda,8.6,8.2
venenoso,pescado,canela,convexo,escamosa,negro,angosta,agrandada,rosa,ninguno,ninguno,marrón,numerosa,bosque,sí,blanco,viscosa,4.2,4.0
comestible,almendra,verde,campana,estriada,rojo,ancha,agrandada,rosa,colgante,ninguno,negro,dispersa,desechos,sí,marrón,húmeda,5.3,7.3
comestible,fétido,rojo,hundido,estriada,marrón,angosta,ahusada,marrón,ninguno,uno,marrón,abundante,senderos,no,naranja,húmeda,6.1,8.0
venenoso,mohoso,rosa,hundido,escamosa,rojo,ancha,agrandada,canela,ninguno,dos,morado,dispersa,desechos,no,marrón,seca,3.6,7.4
comestible,anís,rosa,plano,lisa,rosa,ancha,agrandada,gris,evanescente,uno,café,dispersa,senderos,no,naranja,húmeda,7.2,4.5
venenoso,pescado,rosa,hundido,fibrosa,marrón,angosta,agrandada,marrón,grande,ninguno,verde,agrupada,bosque,no,naranja,húmeda,2.0,5.6
venenoso,fétido,marrón,plano,fibrosa,negro,ancha,agrandada,gris,grande,uno,morado,abundante,hojas,sí,marrón,viscosa,3.6,8.4
comestible,picante,rosa,nudoso,escamosa,verde,ancha,ahusada,rosa,ninguno,ninguno,café,varias,hojas,no,naranja,seca,6.0,6.6
venenoso,fétido,verde,hundido,fibrosa,blanco,ancha,agrandada,canela,colgante,dos,negro,agrupada,pastizal,sí,blanco,húmeda,8.1,6.5
comestible,pescado,gris,hundido,fibrosa,gris,ancha,agrandada,marrón,colgante,dos,marrón,varias,bosque,no,blanco,viscosa,6.9,3.2
venenoso,fétido,blanco,hundido,fibrosa,morado,angosta,agrandada,blanco,ninguno,uno,café,varias,bosque,sí,naranja,seca,10.9,6.1
comestible,anís,gris,nudoso,fibrosa,negro,ancha,agrandada,gris,ninguno,dos,verde,solitaria,hojas,no,marrón,viscosa,6.3,9.0
venenoso,ninguno,amarillo,cónico,estriada,morado,ancha,ahusada,canela,ninguno,uno,morado,abundante,urbano,sí,marrón,húmeda,4.7,3.8
comestible,anís,marrón,convexo,estriada,blanco,angosta,agrandada,gris,ninguno,uno,café,numerosa,bosque,sí,blanco,viscosa,8.4,9.0
venenoso,picante,blanco,hundido,fibrosa,marrón,angosta,agrandada,canela,grande,uno,verde,dispersa,desechos,no,marrón,seca,6.7,7.6
venenoso,mohoso,gris,convexo,estriada,verde,angosta,ahusada,blanco,colgante,ninguno,verde,abundante,pastizal,no,blanco,húmeda,7.1,7.8
venenoso,pescado,blanco,convexo,estriada,verde,angosta,ahusada,rosa,grande,uno,morado,dispersa,pastizal,no,blanco,seca,3.8,9.2
venenoso,fétido,blanco,hundido,fibrosa,negro,ancha,ahusada,marrón,ninguno,dos,marrón,dispersa,desechos,sí,marrón,viscosa,8.6,5.3
comestible,ninguno,amarillo,campana,fibrosa,marrón,ancha,agrandada,blanco,colgante,dos,marrón,dispersa,senderos,no,blanco,seca,5.6,6.6
comestible,ninguno,marrón,nudoso,escamosa,negro,ancha,ahusada,canela,colgante,uno,café,varias,urbano,sí,blanco,seca,6.1,1.4
venenoso,ninguno,marrón,convexo,estriada,rosa,ancha,ahusada,gris,colgante,ninguno,morado,abundante,bosque,sí,marrón,húmeda,4.6,9.1
comestible,almendra,canela,cónico,fibrosa,rosa,angosta,agrandada,canela,grande,dos,morado,abundante,desechos,no,marrón,seca,4.1,6.5
comestible,ninguno,rosa,campana,escamosa,gris,ancha,ahusada,canela,evanescente,dos,café,solitaria,senderos,no,marrón,viscosa,5.7,8.5
venenoso,pescado,canela,campana,fibrosa,rojo,angosta,agrandada,marrón,evanescente,dos,morado,solitaria,desechos,sí,marrón,seca,4.9,8.3
venenoso,ninguno,marrón,nudoso,fibrosa,marrón,angosta,ahusada,marrón,grande,uno,morado,abundante,urbano,no,naranja,húmeda,8.1,9.7
venenoso,anís,marrón,nudoso,estriada,marrón,angosta,ahusada,gris,ninguno,dos,blanco,varias,desechos,sí,naranja,seca,4.7,9.6
venenoso,picante,rojo,convexo,fibrosa,verde,angosta,agrandada,gris,colgante,ninguno,morado,abundante,pastizal,no,blanco,seca,8.3,8.2
comestible,mohoso,canela,convexo,lisa,negro,angosta,agrandada,marrón,ninguno,dos,negro,agrupada,desechos,no,marrón,húmeda,7.2,7.6
comestible,almendra,marrón,hundido,escamosa,verde,angosta,agrandada,rosa,grande,uno,verde,solitaria,desechos,no,blanco,húmeda,6.7,8.9
comestible,mohoso,canela,plano,escamosa,marrón,angosta,agrandada,blanco,evanescente,dos,marrón,agrupada,senderos,no,blanco,seca,6.3,8.0
venenoso,fétido,marrón,plano,estriada,negro,ancha,agrandada,gris,ninguno,ninguno,blanco,solitaria,bosque,no,naranja,seca,7.8,8.4
venenoso,creosota,marrón,campana,escamosa,negro,angosta,agrandada,canela,ninguno,ninguno,café,abundante,bosque,no,blanco,viscosa,7.7,5.1
venenoso,mohoso,gris,nudoso,lisa,rojo,ancha,ahusada,rosa,evanescente,ninguno,negro,dispersa,pastizal,sí,blanco,seca,9.4,6.1
comestible,anís,canela,nudoso,fibrosa,morado,angosta,agrandada,rosa,colgante,ninguno,blanco,varias,hojas,sí,naranja,viscosa,4.0,5.7
venenoso,pescado,gris,plano,estriada,negro,angosta,ahusada,rosa,ninguno,dos,blanco,dispersa,desechos,sí,marrón,seca,2.3,12.5
venenoso,pescado,blanco,cónico,estriada,verde,ancha,agrandada,canela,grande,uno,morado,abundante,hojas,no,blanco,húmeda,4.1,6.7
venenoso,creosota,rojo,hundido,fibrosa,verde,angosta,agrandada,blanco,ninguno,ninguno,blanco,solitaria,bosque,sí,blanco,seca,6.9,2.3
comestible,ninguno,gris,plano,estriada,marrón,angosta,agrandada,gris,colgante,dos,marrón,dispersa,bosque,no,marrón,seca,5.5,6.9
venenoso,pescado,amarillo,plano,fibrosa,verde,ancha,agrandada,canela,evanescente,uno,verde,numerosa,desechos,sí,naranja,seca,6.1,9.2
venenoso,picante,verde,campana,escamosa,rosa,ancha,ahusada,blanco,colgante,dos,negro,dispersa,pastizal,sí,marrón,húmeda,6.4,8.1
comestible,almendra,gris,plano,estriada,marrón,ancha,ahusada,blanco,grande,ninguno,negro,agrupada,senderos,no,naranja,viscosa,5.0,9.7
venenoso,creosota,gris,plano,estriada,blanco,angosta,ahusada,marrón,colgante,uno,morado,abundante,senderos,no,marrón,seca,4.6,9.6
venenoso,mohoso,amarillo,plano,estriada,negro,angosta,agrandada,marrón,evanescente,dos,negro,solitaria,bosque,sí,naranja,viscosa,6.4,5.7
venenoso,picante,verde,hundido,fibrosa,rosa,angosta,ahusada,canela,grande,ninguno,morado,varias,senderos,sí,blanco,viscosa,6.3,6.8
venenoso,creosota,amarillo,campana,estriada,verde,angosta,agrandada,rosa,colgante,uno,café,solitaria,desechos,sí,blanco,viscosa,7.0,3.6
comestible,almendra,marrón,nudoso,fibrosa,rosa,angosta,agrandada,blanco,colgante,dos,verde,agrupada,hojas,no,blanco,húmeda,5.0,9.6
comestible,ninguno,blanco,nudoso,escamosa,morado,angosta,agrandada,rosa,colgante,dos,café,numerosa,desechos,no,naranja,viscosa,5.9,6.6
comestible,almendra,rosa,hundido,escamosa,gris,angosta,ahusada,blanco,colgante,dos,negro,varias,senderos,sí,marrón,húmeda,6.0,10.1
comestible,picante,canela,cónico,estriada,negro,angosta,agrandada,gris,ninguno,ninguno,marrón,varias,senderos,sí,blanco,viscosa,4.9,11.5
comestible,creosota,rosa,hundido,lisa,rojo,ancha,agrandada,canela,colgante,dos,marrón,abundante,bosque,sí,naranja,viscosa,2.4,6.7
comestible,ninguno,rosa,nudoso,escamosa,gris,ancha,agrandada,rosa,colgante,ninguno,blanco,solitaria,senderos,no,blanco,viscosa,3.7,5.4
comestible,almendra,blanco,plano,lisa,marrón,angosta,ahusada,blanco,colgante,ninguno,café,varias,desechos,sí,marrón,seca,6.3,9.1
comestible,almendra,verde,hundido,fibrosa,verde,angosta,ahusada,gris,colgante,dos,marrón,agrupada,pastizal,sí,naranja,viscosa,8.8,10.6
comestible,anís,gris,cónico,escamosa,rojo,angosta,agrandada,marrón,evanescente,uno,blanco,solitaria,bosque,sí,blanco,viscosa,5.3,3.8
venenoso,picante,gris,plano,escamosa,negro,ancha,agrandada,canela,colgante,dos,café,abundante,urbano,sí,naranja,húmeda,3.4,2.5
venenoso,creosota,amarillo,cónico,lisa,marrón,ancha,ahusada,rosa,evanescente,dos,morado,varias,senderos,no,blanco,seca,7.1,10.0
comestible,ninguno,amarillo,hundido,escamosa,rosa,ancha,agrandada,blanco,grande,ninguno,morado,dispersa,senderos,no,naranja,seca,5.9,10.6
comestible,ninguno,marrón,nudoso,escamosa,morado,ancha,agrandada,blanco,grande,uno,blanco,dispersa,bosque,sí,blanco,seca,5.8,10.1
comestible,mohoso,verde,campana,lisa,marrón,ancha,agrandada,blanco,ninguno,uno,verde,varias,senderos,no,naranja,viscosa,7.4,8.5
venenoso,creosota,marrón,plano,estriada,negro,ancha,ahusada,gris,grande,dos,negro,dispersa,pastizal,no,marrón,seca,6.8,6.5
comestible,almendra,amarillo,campana,escamosa,morado,angosta,ahusada,canela,evanescente,uno,verde,numerosa,desechos,sí,naranja,viscosa,5.0,4.9
venenoso,fétido,marrón,hundido,estriada,rojo,ancha,agrandada,rosa,evanescente,ninguno,café,agrupada,pastizal,no,naranja,viscosa,2.0,7.8
venenoso,almendra,gris,campana,escamosa,negro,angosta,agrandada,marrón,colgante,ninguno,verde,solitaria,senderos,sí,marrón,viscosa,8.0,6.4
venenoso,mohoso,amarillo,plano,estriada,verde,ancha,ahusada,rosa,grande,dos,verde,numerosa,senderos,sí,marrón,seca,5.9,13.1
comestible,anís,amarillo,cónico,escamosa,rojo,angosta,agrandada,marrón,evanescente,uno,verde,dispersa,urbano,sí,marrón,seca,5.7,7.2
venenoso,creosota,rojo,hundido,escamosa,marrón,angosta,ahusada,blanco,evanescente,dos,verde,solitaria,urbano,sí,marrón,viscosa,4.9,5.8
comestible,picante,canela,cónico,escamosa,blanco,ancha,agrandada,blanco,grande,dos,marrón,abundante,senderos,no,marrón,seca,5.5,10.8
comestible,mohoso,blanco,plano,fibrosa,rojo,ancha,ahusada,gris,ninguno,dos,verde,varias,desechos,sí,marrón,viscosa,6.2,8.0
comestible,almendra,gris,cónico,escamosa,blanco,ancha,ahusada,canela,ninguno,dos,morado,varias,desechos,sí,marrón,seca,9.8,6.9
comestible,anís,blanco,plano,fibrosa,marrón,ancha,ahusada,blanco,ninguno,dos,marrón,agrupada,desechos,sí,blanco,viscosa,3.2,2.1
comestible,anís,canela,hundido,escamosa,morado,angosta,ahusada,blanco,ninguno,ninguno,marrón,numerosa,bosque,sí,blanco,seca,5.3,6.6
venenoso,pescado,marrón,cónico,fibrosa,verde,ancha,agrandada,gris,grande,ninguno,morado,solitaria,desechos,no,marrón,viscosa,2.0,6.5
venenoso,pescado,amarillo,campana,fibrosa,negro,ancha,ahusada,marrón,grande,uno,morado,varias,senderos,sí,blanco,seca,8.6,6.5
venenoso,pescado,gris,cónico,estriada,morado,ancha,ahusada,rosa,grande,uno,café,solitaria,urbano,sí,naranja,seca,7.7,7.7
comestible,almendra,gris,cónico,lisa,morado,angosta,agrandada,marrón,evanescente,ninguno,blanco,solitaria,urbano,sí,marrón,seca,8.5,7.8
comestible,ninguno,blanco,hundido,fibrosa,rojo,ancha,agrandada,canela,ninguno,dos,verde,dispersa,bosque,no,blanco,viscosa,6.5,6.0
venenoso,picante,rojo,nudoso,lisa,negro,ancha,agrandada,blanco,colgante,ninguno,morado,dispersa,urbano,sí,marrón,seca,4.2,10.5
venenoso,pescado,blanco,plano,estriada,rosa,angosta,agrandada,blanco,grande,uno,blanco,numerosa,bosque,sí,marrón,húmeda,6.7,7.9
venenoso,fétido,marrón,hundido,lisa,rosa,angosta,ahusada,rosa,evanescente,ninguno,morado,abundante,pastizal,sí,marrón,viscosa,8.4,4.4
comestible,mohoso,canela,nudoso,escamosa,verde,ancha,agrandada,gris,colgante,uno,marrón,numerosa,bosque,sí,naranja,viscosa,4.2,11.8
venenoso,pescado,rosa,convexo,escamosa,rosa,angosta,agrandada,canela,evanescente,ninguno,morado,numerosa,desechos,no,naranja,húmeda,8.1,11.7
venenoso,fétido,rosa,hundido,escamosa,blanco,angosta,agrandada,blanco,grande,ninguno,verde,varias,desechos,no,blanco,seca,3.2,3.0
venenoso,fétido,rosa,nudoso,estriada,negro,ancha,ahusada,rosa,evanescente,uno,marrón,varias,senderos,no,blanco,seca,7.5,3.4
venenoso,picante,rojo,cónico,lisa,marrón,ancha,agrandada,marrón,ninguno,dos,café,abundante,hojas,no,naranja,seca,5.2,7.5
comestible,ninguno,blanco,cónico,estriada,gris,ancha,ahusada,gris,grande,ninguno,blanco,dispersa,desechos,no,naranja,seca,5.6,8.9
comestible,anís,verde,campana,escamosa,gris,angosta,ahusada,gris,grande,uno,blanco,numerosa,senderos,sí,blanco,seca,5.3,5.9
comestible,ninguno,gris,nudoso,fibrosa,blanco,ancha,agrandada,gris,colgante,uno,blanco,abundante,senderos,sí,naranja,seca,7.2,7.3
venenoso,fétido,amarillo,convexo,fibrosa,rojo,ancha,agrandada,marrón,colgante,ninguno,verde,varias,senderos,no,marrón,seca,6.3,5.6
venenoso,fétido,marrón,cónico,fibrosa,verde,ancha,ahusada,blanco,ninguno,uno,café,dispersa,senderos,sí,marrón,húmeda,7.7,10.8
comestible,almendra,canela,nudoso,escamosa,negro,ancha,agrandada,marrón,grande,dos,blanco,dispersa,bosque,no,naranja,húmeda,5.3,9.4
venenoso,picante,canela,campana,estriada,rosa,ancha,ahusada,rosa,colgante,uno,morado,varias,pastizal,no,marrón,seca,3.5,9.6
comestible,anís,gris,cónico,fibrosa,morado,ancha,agrandada,blanco,colgante,uno,verde,solitaria,desechos,sí,naranja,viscosa,7.1,4.5
venenoso,picante,canela,cónico,escamosa,negro,angosta,ahusada,gris,colgante,uno,verde,solitaria,hojas,sí,naranja,húmeda,7.5,10.1
venenoso,creosota,rosa,hundido,estriada,negro,ancha,agrandada,gris,evanescente,uno,marrón,dispersa,urbano,no,naranja,viscosa,7.6,5.2
venenoso,mohoso,rosa,plano,fibrosa,rosa,angosta,agrandada,marrón,colgante,uno,verde,agrupada,senderos,no,blanco,seca,5.8,10.2
comestible,mohoso,rosa,plano,escamosa,morado,angosta,agrandada,blanco,evanescente,ninguno,café,abundante,pastizal,sí,blanco,húmeda,5.3,6.0
comestible,almendra,verde,convexo,lisa,rojo,angosta,agrandada,marrón,evanescente,ninguno,verde,dispersa,hojas,sí,blanco,viscosa,5.3,8.1
venenoso,picante,gris,campana,fibrosa,negro,angosta,agrandada,gris,grande,ninguno,café,numerosa,bosque,sí,naranja,húmeda,6.0,11.2
comestible,fétido,gris,hundido,lisa,rosa,angosta,ahusada,canela,colgante,uno,negro,dispersa,pastizal,no,blanco,viscosa,5.9,10.0
venenoso,fétido,canela,convexo,estriada,rosa,ancha,agrandada,canela,ninguno,ninguno,morado,numerosa,urbano,no,blanco,viscosa,3.7,8.8
comestible,anís,rosa,campana,lisa,rojo,angosta,agrandada,rosa,evanescente,uno,morado,varias,urbano,no,naranja,húmeda,3.0,6.9
venenoso,picante,marrón,cónico,lisa,gris,angosta,ahusada,marrón,ninguno,ninguno,blanco,dispersa,pastizal,sí,naranja,seca,4.2,3.2
venenoso,pescado,amarillo,campana,lisa,rosa,ancha,ahusada,marrón,evanescente,ninguno,blanco,numerosa,pastizal,sí,naranja,seca,3.6,9.2
venenoso,ninguno,canela,nudoso,escamosa,blanco,angosta,agrandada,canela,ninguno,ninguno,verde,abundante,bosque,sí,naranja,húmeda,5.6,8.4
comestible,picante,rosa,hundido,lisa,gris,angosta,agrandada,rosa,grande,dos,marrón,varias,hojas,sí,blanco,viscosa,4.5,11.7
comestible,fétido,verde,plano,escamosa,blanco,angosta,agrandada,marrón,ninguno,dos,blanco,varias,pastizal,no,blanco,seca,7.4,3.8
comestible,ninguno,canela,nudoso,lisa,marrón,angosta,ahusada,rosa,ninguno,dos,marrón,numerosa,desechos,no,naranja,seca,7.0,2.7
venenoso,fétido,gris,nudoso,escamosa,negro,angosta,ahusada,gris,ninguno,dos,negro,varias,senderos,sí,naranja,seca,4.4,2.2
venenoso,mohoso,gris,nudoso,fibrosa,marrón,ancha,agrandada,marrón,evanescente,dos,negro,varias,desechos,no,marrón,viscosa,5.8,5.7
venenoso,picante,canela,campana,escamosa,gris,angosta,ahusada,rosa,colgante,uno,blanco,agrupada,hojas,no,naranja,seca,6.0,10.6
comestible,ninguno,rosa,campana,escamosa,marrón,angosta,ahusada,blanco,colgante,uno,café,varias,senderos,no,naranja,seca,4.7,9.6
venenoso,almendra,rosa,convexo,escamosa,verde,ancha,ahusada,canela,ninguno,uno,verde,varias,hojas,no,naranja,seca,2.4,4.7
venenoso,fétido,amarillo,plano,lisa,gris,ancha,agrandada,gris,ninguno,dos,verde,dispersa,desechos,no,naranja,viscosa,4.9,12.3
venenoso,picante,rosa,convexo,estriada,gris,angosta,agrandada,blanco,evanescente,ninguno,morado,solitaria,bosque,no,naranja,húmeda,6.0,6.3
venenoso,pescado,verde,hundido,escamosa,rojo,angosta,ahusada,marrón,evanescente,ninguno,morado,varias,urbano,no,marrón,viscosa,4.0,10.0
venenoso,anís,rosa,nudoso,lisa,rojo,angosta,ahusada,gris,colgante,uno,morado,abundante,hojas,sí,blanco,húmeda,7.4,9.2
venenoso,creosota,rosa,convexo,fibrosa,gris,angosta,ahusada,gris,grande,uno,morado,numerosa,urbano,no,marrón,seca,6.5,9.7
venenoso,picante,gris,convexo,estriada,rojo,angosta,agrandada,canela,colgante,dos,verde,numerosa,bosque,sí,naranja,seca,10.2,5.8
venenoso,pescado,rojo,convexo,lisa,rosa,angosta,agrandada,canela,colgante,dos,verde,abundante,hojas,sí,blanco,seca,8.8,13.3
venenoso,almendra,canela,hundido,lisa,verde,ancha,agrandada,blanco,ninguno,uno,morado,numerosa,bosque,sí,blanco,viscosa,2.8,6.9
comestible,anís,rosa,convexo,estriada,verde,angosta,ahusada,blanco,grande,uno,verde,solitaria,senderos,sí,marrón,húmeda,7.6,3.2
venenoso,pescado,gris,hundido,escamosa,rojo,ancha,agrandada,rosa,grande,uno,blanco,solitaria,senderos,sí,naranja,viscosa,4.7,6.2
venenoso,creosota,verde,convexo,escamosa,gris,ancha,ahusada,canela,colgante,dos,morado,agrupada,senderos,sí,marrón,viscosa,11.0,6.1
comestible,anís,rojo,hundido,fibrosa,verde,angosta,ahusada,rosa,colgante,dos,marrón,varias,hojas,no,marrón,viscosa,6.7,8.6
comestible,pescado,canela,convexo,estriada,blanco,angosta,agrandada,marrón,evanescente,ninguno,marrón,numerosa,desechos,sí,naranja,húmeda,7.4,5.5
venenoso,creosota,amarillo,nudoso,fibrosa,marrón,ancha,ahusada,gris,colgante,uno,morado,numerosa,urbano,no,blanco,húmeda,6.6,7.2
venenoso,fétido,marrón,plano,fibrosa,morado,ancha,ahusada,marrón,colgante,ninguno,verde,dispersa,hojas,no,naranja,seca,10.2,6.9
comestible,anís,canela,hundido,fibrosa,blanco,ancha,ahusada,rosa,colgante,dos,marrón,agrupada,urbano,no,naranja,seca,4.9,9.0
venenoso,mohoso,blanco,convexo,lisa,negro,angosta,agrandada,rosa,evanescente,uno,morado,varias,bosque,sí,naranja,seca,5.5,8.0
venenoso,ninguno,blanco,hundido,escamosa,marrón,ancha,agrandada,rosa,ninguno,uno,verde,agrupada,hojas,no,blanco,seca,4.9,8.6
venenoso,pescado,verde,plano,lisa,gris,angosta,ahusada,canela,ninguno,ninguno,morado,agrupada,bosque,sí,naranja,húmeda,4.7,8.9
comestible,ninguno,blanco,cónico,estriada,gris,ancha,agrandada,marrón,colgante,ninguno,marrón,varias,desechos,no,marrón,seca,5.2,7.7
venenoso,mohoso,amarillo,nudoso,escamosa,rosa,angosta,ahusada,gris,ninguno,uno,negro,dispersa,pastizal,no,blanco,seca,2.9,7.3
comestible,ninguno,rojo,hundido,lisa,morado,ancha,agrandada,blanco,colgante,dos,blanco,solitaria,urbano,no,naranja,húmeda,3.5,8.0
comestible,creosota,blanco,campana,estriada,morado,ancha,agrandada,gris,evanescente,uno,marrón,abundante,pastizal,sí,naranja,viscosa,4.5,6.6
venenoso,pescado,rosa,hundido,escamosa,rojo,ancha,agrandada,blanco,grande,ninguno,verde,abundante,urbano,sí,naranja,húmeda,5.6,10.2
comestible,picante,canela,nudoso,lisa,rojo,angosta,ahusada,marrón,grande,dos,negro,agrupada,pastizal,no,naranja,viscosa,5.8,9.5
venenoso,fétido,canela,cónico,fibrosa,gris,angosta,agrandada,canela,grande,ninguno,morado,solitaria,senderos,no,naranja,viscosa,5.4,9.0
venenoso,fétido,verde,nudoso,fibrosa,gris,angosta,ahusada,gris,ninguno,dos,verde,varias,bosque,sí,naranja,seca,5.5,5.7
venenoso,picante,marrón,cónico,lisa,rosa,angosta,ahusada,blanco,ninguno,uno,blanco,abundante,hojas,sí,marrón,viscosa,9.5,5.6
venenoso,pescado,rojo,campana,estriada,morado,ancha,agrandada,gris,evanescente,dos,café,numerosa,pastizal,no,blanco,seca,4.3,10.4
venenoso,mohoso,canela,hundido,fibrosa,rojo,angosta,ahusada,blanco,evanescente,ninguno,blanco,agrupada,desechos,sí,blanco,húmeda,5.3,1.0
comestible,ninguno,gris,plano,escamosa,rosa,ancha,agrandada,blanco,evanescente,ninguno,morado,varias,urbano,no,naranja,húmeda,3.4,7.5
venenoso,pescado,marrón,cónico,escamosa,marrón,ancha,ahusada,gris,colgante,dos,verde,agrupada,urbano,sí,blanco,seca,5.7,6.2
venenoso,picante,gris,nudoso,lisa,gris,angosta,agrandada,marrón,ninguno,dos,verde,dispersa,pastizal,sí,blanco,seca,5.7,8.5
venenoso,fétido,gris,nudoso,estriada,blanco,ancha,agrandada,marrón,grande,uno,morado,dispersa,desechos,sí,naranja,viscosa,7.9,4.8
comestible,pescado,rosa,convexo,lisa,morado,ancha,ahusada,marrón,colgante,ninguno,negro,numerosa,desechos,sí,marrón,seca,6.4,5.3
comestible,almendra,marrón,cónico,fibrosa,negro,ancha,agrandada,marrón,ninguno,ninguno,blanco,abundante,senderos,sí,marrón,húmeda,7.4,10.7
comestible,anís,gris,convexo,escamosa,marrón,angosta,agrandada,rosa,grande,ninguno,negro,agrupada,pastizal,sí,marrón,seca,4.8,8.0
venenoso,mohoso,verde,plano,fibrosa,gris,ancha,agrandada,blanco,colgante,uno,café,agrupada,pastizal,no,naranja,viscosa,4.9,6.8
venenoso,creosota,marrón,cónico,lisa,negro,ancha,agrandada,marrón,grande,ninguno,blanco,dispersa,urbano,no,naranja,viscosa,8.8,6.2
comestible,creosota,gris,plano,estriada,rosa,ancha,ahusada,blanco,evanescente,dos,marrón,varias,bosque,no,marrón,viscosa,4.5,6.8
comestible,anís,gris,hundido,escamosa,rosa,angosta,ahusada,blanco,evanescente,uno,verde,dispersa,senderos,no,marrón,viscosa,5.0,7.8
venenoso,mohoso,rosa,nudoso,escamosa,rosa,ancha,ahusada,marrón,colgante,ninguno,café,abundante,bosque,no,naranja,viscosa,7.1,10.8
venenoso,picante,rosa,nudoso,escamosa,blanco,angosta,agrandada,marrón,evanescente,uno,blanco,dispersa,bosque,sí,blanco,viscosa,4.2,7.6
comestible,creosota,marrón,plano,escamosa,blanco,ancha,ahusada,marrón,colgante,uno,blanco,dispersa,desechos,sí,marrón,viscosa,6.1,7.3
comestible,anís,canela,nudoso,escamosa,negro,ancha,agrandada,rosa,colgante,uno,marrón,abundante,senderos,no,blanco,húmeda,8.2,10.3
comestible,anís,rosa,cónico,fibrosa,marrón,ancha,ahusada,canela,colgante,uno,morado,abundante,bosque,sí,naranja,viscosa,3.7,11.6
venenoso,almendra,gris,cónico,estriada,negro,ancha,agrandada,marrón,ninguno,uno,morado,agrupada,pastizal,sí,marrón,viscosa,9.9,2.7
venenoso,creosota,rosa,campana,estriada,rosa,angosta,agrandada,canela,evanescente,dos,morado,dispersa,bosque,no,marrón,viscosa,5.0,5.2
